{"name":"Regularly synchronize rows from Google sheet to Lark sheet","version":"2.0","sourceType":"template","flowID":7432222808052187142,"projectID":7294621328663904261,"structure":[{"id":"cronjob_trigger-1","type":"trigger","subSteps":null},{"id":"variable-1","type":"normal","subSteps":null},{"id":"google_sheets-1","type":"normal","subSteps":null},{"id":"script-13","type":"normal","subSteps":null},{"id":"sheet-4","type":"normal","subSteps":null},{"id":"loop-8","type":"loop_serial_parent","subSteps":[{"id":"loop-8.default","type":"loop_serial_child","subSteps":[{"id":"google_sheets-2","type":"normal","subSteps":null},{"id":"sheet-1","type":"normal","subSteps":null},{"id":"script-14","type":"normal","subSteps":null},{"id":"branch-5","type":"branch_exclusive_parent","subSteps":[{"id":"branch-5.child-2","type":"branch_exclusive_child","subSteps":[{"id":"sheet-2","type":"normal","subSteps":null}]},{"id":"branch-5.default","type":"branch_exclusive_child","subSteps":[]}]}]}]},{"id":"branch-6","type":"branch_exclusive_parent","subSteps":[{"id":"branch-6.child-2","type":"branch_exclusive_child","subSteps":[{"id":"script-16","type":"normal","subSteps":null},{"id":"loop-9","type":"loop_serial_parent","subSteps":[{"id":"loop-9.default","type":"loop_serial_child","subSteps":[{"id":"sheet-3","type":"normal","subSteps":null}]}]}]},{"id":"branch-6.default","type":"branch_exclusive_child","subSteps":[]}]},{"id":"branch-7","type":"branch_exclusive_parent","subSteps":[{"id":"branch-7.child-2","type":"branch_exclusive_child","subSteps":[{"id":"sheet-5","type":"normal","subSteps":null}]},{"id":"branch-7.default","type":"branch_exclusive_child","subSteps":[]}]}],"steps":[{"id":"cronjob_trigger-1","type":"trigger","operation":{"connectorId":"7223328446464688134","connectorName":"cronjob_trigger","connectorVersion":"1.5","operationId":"7223328446682824709","operationName":"daily_cronjob_trigger"},"name":"Scheduler","description":"","auth":{"key":"","parameters":null,"credentials":null},"parameters":{"cronjob":{"type":"object","value":{"trigger_type":{"value":"DAY_TRIGGER","type":"string"},"execute_time":{"type":"string","value":"05:00:00"},"timezone":{"type":"string","value":"Asia/Shanghai"}}}}},{"id":"variable-1","type":"normal","operation":{"connectorId":"7306348980667940869","connectorName":"variable","connectorVersion":"1.2","operationId":"7306348980697300997","operationName":"set_value"},"name":"Set variable","description":"","auth":{"key":"","parameters":null,"credentials":null},"parameters":{"variables":{"type":"array","value":[{"type":"object","value":{"value":{"value":150,"type":"number"},"value_type":{"value":"number","type":"string"},"key":{"value":"quantity_per_batch","type":"string"}}},{"value":{"value":{"value":"","type":"string"},"value_type":{"value":"string","type":"string"},"key":{"type":"string","value":"sheet_title"}},"type":"object"},{"type":"object","value":{"value":{"value":"","type":"string"},"value_type":{"type":"string","value":"string"},"key":{"type":"string","value":"sheet_token"}}},{"type":"object","value":{"key":{"type":"string","value":"sheet_id"},"value":{"value":"","type":"string"},"value_type":{"value":"string","type":"string"}}},{"type":"object","value":{"value":{"type":"string","value":""},"value_type":{"type":"string","value":"string"},"key":{"value":"spreadsheet_id","type":"string"}}}]}},"errorHandler":{"defaultStrategy":{"action":"terminate","id":"variable-1.error_handler.default","name":""}}},{"id":"google_sheets-1","type":"normal","operation":{"connectorId":"7329415723762057221","connectorName":"google_sheets","connectorVersion":"1.0","operationId":"7329415723791482885"},"name":"Google Sheets","description":"","auth":{"key":"","parameters":null,"credentials":null},"parameters":{"includeGridData":{"type":"boolean","value":false},"spreadsheetId":{"type":"spel","value":{"node_tree":{"path":"spreadsheet_id","t":"flow_variable"},"expression":"_(\"$.variable.spreadsheet_id\")"}}},"errorHandler":{"defaultStrategy":{"name":"","action":"terminate","id":"google_sheets-1.error_handler.default"}}},{"id":"script-13","type":"normal","operation":{"connectorId":"7296760306577965062","connectorName":"script","connectorVersion":"2.0","operationId":"7296760306603212805","operationName":"execute_script"},"name":"Paging parameter processing","description":"","auth":{"key":"","parameters":null,"credentials":null},"parameters":{"js_code":{"type":"string","value":"function handler(input) {\n  const {\n    sheets = [],\n    quantity_per_batch,\n    sheet_title,\n  } = input;\n  const target = sheets.find(\n    (item) =\u003e {\n      return (\n        item?.properties\n          ?.title ===\n        sheet_title\n      );\n    }\n  );\n\n  if (!target) {\n    throw new Error(\n      'Wrong sheet_title'\n    );\n  }\n\n  const columnCount =\n    target?.properties\n      ?.gridProperties\n      ?.columnCount;\n\n  function splitRange(\n    startCol,\n    endCol,\n    startRow,\n    endRow,\n    step\n  ) {\n    const startLetter =\n      startCol.toUpperCase();\n    const endLetter =\n      endCol.toUpperCase();\n    const maxNumber =\n      parseInt(endRow);\n    const cellsPerStep = step;\n\n    const result = [];\n    let currentStartNumber =\n      parseInt(startRow);\n    let currentEndNumber =\n      Math.min(\n        currentStartNumber +\n          cellsPerStep -\n          1,\n        maxNumber\n      );\n    let currentStartLetter =\n      startLetter;\n    let currentEndLetter =\n      endLetter;\n\n    while (\n      currentStartNumber \u003c=\n      maxNumber\n    ) {\n      result.push(\n        currentStartLetter +\n          currentStartNumber +\n          ':' +\n          currentEndLetter +\n          currentEndNumber\n      );\n\n      currentStartNumber =\n        currentEndNumber + 1;\n      if (\n        currentStartNumber \u003e\n        maxNumber\n      )\n        break;\n\n      currentEndNumber =\n        Math.min(\n          currentStartNumber +\n            cellsPerStep -\n            1,\n          maxNumber\n        );\n      const numbersLeft =\n        maxNumber -\n        currentStartNumber +\n        1;\n    }\n    return result;\n  }\n  function numberToExcelColumn(\n    num\n  ) {\n    let result = '';\n    while (num \u003e 0) {\n      const remainder =\n        (num - 1) % 26;\n      result =\n        String.fromCharCode(\n          65 + remainder\n        ) + result;\n      num = Math.floor(\n        (num - 1) / 26\n      );\n    }\n    return result;\n  }\n\n  const total =\n    target.properties\n      .gridProperties\n      .rowCount;\n  const loopItems =\n    splitRange(\n      'A',\n      numberToExcelColumn(\n        columnCount\n      ),\n      1,\n      total,\n      quantity_per_batch\n    );\n\n  return {\n    loopItems,\n    rowCount:\n      target?.properties\n        ?.gridProperties\n        ?.rowCount,\n    columnCount,\n  };\n}\n"},"input":{"type":"object","value":{"sheet_title":{"value":{"node_tree":{"t":"flow_variable","path":"sheet_title"},"expression":"_(\"$.variable.sheet_title\")"},"type":"spel"},"quantity_per_batch":{"value":{"node_tree":{"t":"flow_variable","path":"quantity_per_batch"},"expression":"_(\"$.variable.quantity_per_batch\")"},"type":"spel"},"sheets":{"value":{"node_tree":{"t":"json_path","path":"$.google_sheets-1.sheets"},"expression":"_(\"$.google_sheets-1.sheets\")"},"type":"spel"}}}},"errorHandler":{"defaultStrategy":{"id":"script-13.error_handler.default","name":"","action":"retry","retryFallbackAction":"terminate"}}},{"id":"sheet-4","type":"normal","operation":{"connectorId":"7327184752706846726","connectorName":"sheet","connectorVersion":"1.5","operationId":"7327184752782344198"},"name":"Query sheet","description":"","auth":{"key":"","parameters":null,"credentials":null},"parameters":{"sheet_id":{"type":"spel","value":{"node_tree":{"path":"sheet_id","t":"flow_variable"},"expression":"_(\"$.variable.sheet_id\")"}},"spreadsheet_token":{"type":"spel","value":{"node_tree":{"path":"sheet_token","t":"flow_variable"},"expression":"_(\"$.variable.sheet_token\")"}}},"errorHandler":{"defaultStrategy":{"action":"terminate","id":"sheet-4.error_handler.default","name":""}}},{"id":"loop-8","type":"loop_serial_parent","operation":{"connectorId":"loop","connectorName":"loop","connectorVersion":"0.0.1","operationId":"loop_serial","operationName":"Serial loop"},"name":"Serial loop","description":"","auth":{"key":"","parameters":null,"credentials":{"type":"cred","value":""}},"parameters":{"items":{"type":"spel","value":{"expression":"_(\"$.script-13.result.loopItems\")","node_tree":{"path":"$.script-13.result.loopItems","t":"json_path"}}}}},{"id":"loop-8.default","type":"loop_serial_child","operation":{},"name":"","description":"","parameters":null},{"id":"google_sheets-2","type":"normal","operation":{"connectorId":"7329415723762057221","connectorName":"google_sheets","connectorVersion":"1.0","operationId":"7329415723791482885"},"name":"Get spreadsheet Rows","description":"","auth":{"key":"","parameters":null,"credentials":null},"parameters":{"ranges":{"type":"array","value":[{"value":{"node_tree":{"t":"binary","op":"+","left":{"op":"+","left":{"t":"flow_variable","path":"sheet_title"},"right":{"t":"literal","vt":"string","v":"\"!\""},"t":"binary"},"right":{"t":"json_path","path":"$.loop-8.item"}},"expression":"_(\"$.variable.sheet_title\") + \"!\"+_(\"$.loop-8.item\")"},"type":"spel"}]},"spreadsheetId":{"type":"spel","value":{"node_tree":{"t":"flow_variable","path":"spreadsheet_id"},"expression":"_(\"$.variable.spreadsheet_id\")"}},"includeGridData":{"type":"boolean","value":true}},"errorHandler":{"defaultStrategy":{"id":"google_sheets-2.error_handler.default","name":"","action":"terminate"}}},{"id":"sheet-1","type":"normal","operation":{"connectorId":"7327184752706846726","connectorName":"sheet","connectorVersion":"1.5","operationId":"7327184753487036421"},"name":"Read a single range","description":"","auth":{"key":"","parameters":null,"credentials":null},"parameters":{"spreadsheetToken":{"type":"spel","value":{"node_tree":{"path":"sheet_token","t":"flow_variable"},"expression":"_(\"$.variable.sheet_token\")"}},"range":{"type":"spel","value":{"expression":"_(\"$.variable.sheet_id\") + \"!\"+_(\"$.loop-8.item\")","node_tree":{"op":"+","left":{"t":"binary","op":"+","left":{"path":"sheet_id","t":"flow_variable"},"right":{"t":"literal","vt":"string","v":"\"!\""}},"right":{"t":"json_path","path":"$.loop-8.item"},"t":"binary"}}}},"errorHandler":{"defaultStrategy":{"id":"sheet-1.error_handler.default","name":"","action":"terminate"}}},{"id":"script-14","type":"normal","operation":{"connectorId":"7296760306577965062","connectorName":"script","connectorVersion":"2.0","operationId":"7296760306603212805","operationName":"execute_script"},"name":"Processing result","description":"","auth":{"key":"","parameters":null,"credentials":null},"parameters":{"input":{"type":"object","value":{"google_column":{"type":"spel","value":{"expression":"_(\"$.script-13.result.columnCount\")","node_tree":{"t":"json_path","path":"$.script-13.result.columnCount"}}},"range":{"type":"spel","value":{"node_tree":{"t":"json_path","path":"$.loop-8.item"},"expression":"_(\"$.loop-8.item\")"}},"googleRows":{"value":{"node_tree":{"t":"json_path","path":"$.google_sheets-2.sheets[0].data[0].rowData"},"expression":"_(\"$.google_sheets-2.sheets[0].data[0].rowData\")"},"type":"spel"},"larkRows":{"value":{"node_tree":{"path":"$.sheet-1.data.valueRange.values","t":"json_path"},"expression":"_(\"$.sheet-1.data.valueRange.values\")"},"type":"spel"}}},"js_code":{"type":"string","value":"function handler(input) {\n  function compareArrays(\n    arr1,\n    arr2\n  ) {\n    if (\n      arr1.length !==\n      arr2.length\n    ) {\n      return false;\n    }\n\n    function arraysEqual(\n      arr1,\n      arr2\n    ) {\n      if (\n        arr1.length !==\n        arr2.length\n      ) {\n        return false;\n      }\n\n      for (\n        let i = 0;\n        i \u003c arr1.length;\n        i++\n      ) {\n        if (\n          arr1[i] !== arr2[i]\n        ) {\n          return false;\n        }\n      }\n\n      return true;\n    }\n\n    for (\n      let i = 0;\n      i \u003c arr1.length;\n      i++\n    ) {\n      if (\n        !arraysEqual(\n          arr1[i],\n          arr2[i]\n        )\n      ) {\n        return false;\n      }\n    }\n\n    return true;\n  }\n\n  function generateFilledArray(\n    range,\n    content\n  ) {\n    const [start, end] =\n      range.split(':');\n    const startLetter =\n      start.match(\n        /[A-Z]+/\n      )[0];\n    const endLetter =\n      end.match(/[A-Z]+/)[0];\n    const startNumber =\n      parseInt(\n        start.match(/\\d+/)[0]\n      );\n    const endNumber =\n      parseInt(\n        end.match(/\\d+/)[0]\n      );\n\n    const numRows =\n      endNumber -\n      startNumber +\n      1;\n    const numCols =\n      getColumnIndex(\n        endLetter\n      ) -\n      getColumnIndex(\n        startLetter\n      ) +\n      1;\n\n    const result = [];\n    for (\n      let i = 0;\n      i \u003c numRows;\n      i++\n    ) {\n      const row = [];\n      for (\n        let j = 0;\n        j \u003c numCols;\n        j++\n      ) {\n        row.push(content);\n      }\n      result.push(row);\n    }\n    return result;\n  }\n\n  function fillArrayToRange(\n    range,\n    existingArray,\n    content\n  ) {\n    const [start, end] =\n      range.split(':');\n    const startLetter =\n      start.match(\n        /[A-Z]+/\n      )[0];\n    const endLetter =\n      end.match(/[A-Z]+/)[0];\n    const startNumber =\n      parseInt(\n        start.match(/\\d+/)[0]\n      );\n    const endNumber =\n      parseInt(\n        end.match(/\\d+/)[0]\n      );\n\n    const numRows =\n      endNumber -\n      startNumber +\n      1;\n    const numCols =\n      getColumnIndex(\n        endLetter\n      ) -\n      getColumnIndex(\n        startLetter\n      ) +\n      1;\n\n    const filledArray =\n      generateFilledArray(\n        range,\n        content\n      );\n\n    for (\n      let i = 0;\n      i \u003c numRows;\n      i++\n    ) {\n      for (\n        let j = 0;\n        j \u003c numCols;\n        j++\n      ) {\n        if (\n          existingArray[i] \u0026\u0026\n          existingArray[i][j]\n        ) {\n          filledArray[i][j] =\n            existingArray[i][\n              j\n            ];\n        }\n      }\n    }\n\n    return filledArray;\n  }\n  function getColumnIndex(\n    column\n  ) {\n    let index = 0;\n    for (\n      let i = 0;\n      i \u003c column.length;\n      i++\n    ) {\n      index =\n        index * 26 +\n        (column.charCodeAt(\n          i\n        ) -\n          64);\n    }\n    return index;\n  }\n\n  let {\n    googleRows,\n    larkRows = [],\n    google_column = 26,\n    range,\n  } = input;\n\n  if (\n    !Array.isArray(googleRows)\n  ) {\n    // throw new Error('Google sheets data is incorrect');\n    googleRows = [];\n  }\n\n  // if (!Array.isArray(larkRows)) {\n  //   throw new Error('lark sheets data is incorrect');\n  // }\n\n  function expandArrayToLength(\n    arr,\n    targetLength\n  ) {\n    const currentLength =\n      arr.length;\n\n    if (\n      currentLength \u003e=\n      targetLength\n    ) {\n      return arr;\n    }\n\n    const elementsToAdd =\n      targetLength -\n      currentLength;\n\n    const newArray =\n      arr.concat(\n        new Array(\n          elementsToAdd\n        ).fill(undefined)\n      );\n\n    return newArray;\n  }\n\n  googleRows =\n    fillArrayToRange(\n      range,\n      googleRows.map(\n        (item) =\u003e {\n          return expandArrayToLength(\n            item.values.map(\n              (item) =\u003e\n                item.formattedValue\n            ),\n            google_column\n          );\n        }\n      ),\n      null\n    );\n\n  const isEqual =\n    compareArrays(\n      googleRows,\n      larkRows\n    );\n  return {\n    isEqual,\n    googleRows,\n    larkRows,\n  };\n}\n"}},"errorHandler":{"defaultStrategy":{"retryFallbackAction":"terminate","id":"script-14.error_handler.default","name":"","action":"retry"}}},{"id":"branch-5","type":"branch_exclusive_parent","operation":{"connectorId":"branch","connectorName":"branch","connectorVersion":"0.0.1","operationId":"branch_exclusive","operationName":"Exclusive branch"},"name":"Branch","description":"","auth":{"key":"","parameters":null,"credentials":{"type":"cred","value":""}},"parameters":{"maxSize":{"type":"number","value":1},"branches":{"type":"object","value":{"branch-5.child-2":{"value":{"conditions":{"value":[{"comparison":{"type":"object","value":{"right":{"value":false,"type":"boolean"},"left":{"type":"spel","value":{"expression":"_(\"$.script-14.result.isEqual\")","node_tree":{"path":"$.script-14.result.isEqual","t":"json_path"}}}}},"operator":{"type":"string","value":"equals"}}],"type":"array"},"label":{"type":"string","value":"isEqual"},"operator":{"value":"and","type":"string"}},"type":"object"}}}}},{"id":"branch-5.child-2","type":"branch_exclusive_child","operation":{},"name":"","description":"","parameters":null},{"id":"sheet-2","type":"normal","operation":{"connectorId":"7327184752706846726","connectorName":"sheet","connectorVersion":"1.5","operationId":"7327184753398972422"},"name":"Write data to a single range","description":"","auth":{"key":"","parameters":null,"credentials":null},"parameters":{"valueRange":{"type":"object","value":{"range":{"type":"spel","value":{"expression":"_(\"$.variable.sheet_id\")  + \"!\"+_(\"$.loop-8.item\")","node_tree":{"right":{"t":"json_path","path":"$.loop-8.item"},"t":"binary","op":"+","left":{"op":"+","left":{"path":"sheet_id","t":"flow_variable"},"right":{"t":"literal","vt":"string","v":"\"!\""},"t":"binary"}}}},"values":{"value":{"expression":"_(\"$.script-14.result.googleRows\")","node_tree":{"path":"$.script-14.result.googleRows","t":"json_path"}},"type":"spel"}}},"spreadsheetToken":{"type":"spel","value":{"node_tree":{"path":"sheet_token","t":"flow_variable"},"expression":"_(\"$.variable.sheet_token\")"}}},"errorHandler":{"defaultStrategy":{"id":"sheet-2.error_handler.default","name":"","action":"terminate"}}},{"id":"branch-5.default","type":"branch_exclusive_child","operation":{},"name":"","description":"","parameters":null},{"id":"branch-6","type":"branch_exclusive_parent","operation":{"connectorId":"branch","connectorName":"branch","connectorVersion":"0.0.1","operationId":"branch_exclusive","operationName":"Exclusive branch"},"name":"Branch","description":"","auth":{"key":"","parameters":null,"credentials":{"type":"cred","value":""}},"parameters":{"branches":{"type":"object","value":{"branch-6.child-2":{"type":"object","value":{"conditions":{"type":"array","value":[{"operator":{"value":"lessEqual","type":"string"},"comparison":{"value":{"left":{"type":"spel","value":{"expression":"_(\"$.script-13.result.rowCount\")+1","node_tree":{"op":"+","left":{"t":"json_path","path":"$.script-13.result.rowCount"},"right":{"vt":"number","v":"1","t":"literal"},"t":"binary"}}},"right":{"value":{"expression":"_(\"$.sheet-4.data.sheet.grid_properties.row_count\")","node_tree":{"t":"json_path","path":"$.sheet-4.data.sheet.grid_properties.row_count"}},"type":"spel"}},"type":"object"}}]},"label":{"type":"string","value":"Need Delete"},"operator":{"value":"and","type":"string"}}}}},"maxSize":{"type":"number","value":1}}},{"id":"branch-6.child-2","type":"branch_exclusive_child","operation":{},"name":"","description":"","parameters":null},{"id":"script-16","type":"normal","operation":{"connectorId":"7296760306577965062","connectorName":"script","connectorVersion":"2.0","operationId":"7296760306603212805","operationName":"execute_script"},"name":"Group deletion","description":"","auth":{"key":"","parameters":null,"credentials":null},"parameters":{"input":{"type":"object","value":{"to":{"type":"spel","value":{"expression":"_(\"$.sheet-4.data.sheet.grid_properties.row_count\")","node_tree":{"t":"json_path","path":"$.sheet-4.data.sheet.grid_properties.row_count"}}},"from":{"type":"spel","value":{"node_tree":{"t":"binary","op":"+","left":{"path":"$.script-13.result.rowCount","t":"json_path"},"right":{"t":"literal","vt":"number","v":"1"}},"expression":"_(\"$.script-13.result.rowCount\")+1"}}}},"js_code":{"type":"string","value":"function handler({\n  from,\n  to,\n}) {\n  function partitionRange(\n    x,\n    y,\n    step\n  ) {\n    const result = [];\n    for (\n      let i = x;\n      i \u003c= y;\n      i += step\n    ) {\n      const start = i;\n      const end = Math.min(\n        i + step - 1,\n        y\n      );\n      result.push({\n        from: start,\n        to: end,\n      });\n    }\n    return result;\n  }\n\n  return partitionRange(\n    from,\n    to,\n    5000\n  ).reverse();\n}\n"}},"errorHandler":{"defaultStrategy":{"action":"retry","retryFallbackAction":"terminate","id":"script-16.error_handler.default","name":""}}},{"id":"loop-9","type":"loop_serial_parent","operation":{"connectorId":"loop","connectorName":"loop","connectorVersion":"0.0.1","operationId":"loop_serial","operationName":"Serial loop"},"name":"Loop","description":"","auth":{"key":"","parameters":null,"credentials":{"type":"cred","value":""}},"parameters":{"items":{"type":"spel","value":{"expression":"_(\"$.script-16.result\")","node_tree":{"t":"json_path","path":"$.script-16.result"}}}}},{"id":"loop-9.default","type":"loop_serial_child","operation":{},"name":"","description":"","parameters":null},{"id":"sheet-3","type":"normal","operation":{"connectorId":"7327184752706846726","connectorName":"sheet","connectorVersion":"1.5","operationId":"7327184753092804614"},"name":"Delete rows ","description":"","auth":{"key":"","parameters":null,"credentials":null},"parameters":{"spreadsheetToken":{"type":"spel","value":{"node_tree":{"path":"sheet_token","t":"flow_variable"},"expression":"_(\"$.variable.sheet_token\") "}},"dimension":{"type":"object","value":{"sheetId":{"value":{"node_tree":{"path":"sheet_id","t":"flow_variable"},"expression":"_(\"$.variable.sheet_id\") "},"type":"spel"},"majorDimension":{"value":"ROWS","type":"string"},"startIndex":{"type":"spel","value":{"expression":"_(\"$.loop-9.item.from\")","node_tree":{"t":"json_path","path":"$.loop-9.item.from"}}},"endIndex":{"type":"spel","value":{"node_tree":{"t":"json_path","path":"$.loop-9.item.to"},"expression":"_(\"$.loop-9.item.to\")"}}}}},"errorHandler":{"defaultStrategy":{"id":"sheet-3.error_handler.default","name":"","action":"terminate"}}},{"id":"branch-6.default","type":"branch_exclusive_child","operation":{},"name":"","description":"","parameters":null},{"id":"branch-7","type":"branch_exclusive_parent","operation":{"connectorId":"branch","connectorName":"branch","connectorVersion":"0.0.1","operationId":"branch_exclusive","operationName":"Exclusive branch"},"name":"Branch","description":"","auth":{"key":"","parameters":null,"credentials":{"type":"cred","value":""}},"parameters":{"maxSize":{"type":"number","value":1},"branches":{"type":"object","value":{"branch-7.child-2":{"type":"object","value":{"operator":{"type":"string","value":"and"},"conditions":{"value":[{"operator":{"value":"greaterThan","type":"string"},"comparison":{"type":"object","value":{"left":{"type":"spel","value":{"node_tree":{"path":"$.sheet-4.data.sheet.grid_properties.column_count","t":"json_path"},"expression":"_(\"$.sheet-4.data.sheet.grid_properties.column_count\")"}},"right":{"value":{"node_tree":{"path":"$.script-13.result.columnCount","t":"json_path"},"expression":"_(\"$.script-13.result.columnCount\")"},"type":"spel"}}}}],"type":"array"},"label":{"type":"string","value":"Need Delete"}}}}}}},{"id":"branch-7.child-2","type":"branch_exclusive_child","operation":{},"name":"","description":"","parameters":null},{"id":"sheet-5","type":"normal","operation":{"connectorId":"7327184752706846726","connectorName":"sheet","connectorVersion":"1.5","operationId":"7327184753092804614"},"name":"Delete columns","description":"","auth":{"key":"","parameters":null,"credentials":null},"parameters":{"spreadsheetToken":{"type":"spel","value":{"expression":"_(\"$.variable.sheet_token\") ","node_tree":{"path":"sheet_token","t":"flow_variable"}}},"dimension":{"type":"object","value":{"sheetId":{"value":{"node_tree":{"path":"sheet_id","t":"flow_variable"},"expression":"_(\"$.variable.sheet_id\") "},"type":"spel"},"majorDimension":{"type":"string","value":"COLUMNS"},"startIndex":{"type":"spel","value":{"node_tree":{"op":"+","left":{"path":"$.script-13.result.columnCount","t":"json_path"},"right":{"t":"literal","vt":"number","v":"1"},"t":"binary"},"expression":"_(\"$.script-13.result.columnCount\")+1"}},"endIndex":{"value":{"node_tree":{"t":"json_path","path":"$.sheet-4.data.sheet.grid_properties.column_count"},"expression":"_(\"$.sheet-4.data.sheet.grid_properties.column_count\")"},"type":"spel"}}}},"errorHandler":{"defaultStrategy":{"name":"","action":"terminate","id":"sheet-5.error_handler.default"}}},{"id":"branch-7.default","type":"branch_exclusive_child","operation":{},"name":"","description":"","parameters":null}]}