{"name":"Send a Lark notification when a new TikTok lead comes in","description":"test_tiktok_business_token","version":"2.0","sourceType":"template","flowID":7432223169097793542,"projectID":7294621328663904261,"structure":[{"id":"tiktok_for_business-1","type":"trigger","subSteps":null},{"id":"variable-1","type":"normal","subSteps":null},{"id":"loop-1","type":"loop_serial_parent","subSteps":[{"id":"loop-1.default","type":"loop_serial_child","subSteps":[{"id":"script-1","type":"normal","subSteps":null},{"id":"custom_robot-1","type":"normal","subSteps":null}]}]}],"steps":[{"id":"tiktok_for_business-1","type":"trigger","operation":{"connectorId":"7260111985025482758","connectorName":"tiktok_for_business","connectorVersion":"1.3","operationId":"7260122980225646597","operationName":"tiktok_bussiness_lead_trigger"},"name":"TikTok For Business","description":"","auth":{"key":"","parameters":null,"credentials":null},"parameters":{"webhook":{"type":"string","value":"https://open.larksuite.com/anycross/trigger/union/callback/NGE1MWY3MjA1M2U0MGY1MzFjNGYzZWU3MWRlODVlZDAw"}}},{"id":"variable-1","type":"normal","operation":{"connectorId":"7234033487534096389","connectorName":"variable","connectorVersion":"1.1","operationId":"7234033488075177990","operationName":"set_value"},"name":"Set Advertiser ID","description":"","auth":{"key":"","parameters":null,"credentials":{"type":"cred","value":""}},"parameters":{"variables":{"type":"array","value":[{"type":"object","value":{"value_type":{"type":"string","value":"string"},"key":{"type":"string","value":"advertiser_id"}}}]}},"errorHandler":{"configs":[],"method":2,"default":{"config":[],"type":"failure"}}},{"id":"loop-1","type":"loop_serial_parent","operation":{"connectorId":"loop","connectorName":"loop","connectorVersion":"0.0.1","operationId":"loop_serial","operationName":"Serial loop"},"name":"Loop  Data","description":"","auth":{"key":"","parameters":null,"credentials":{"type":"cred","value":""}},"parameters":{"items":{"type":"spel","value":{"node_tree":{"path":"$.tiktok_for_business-1.entry","t":"json_path"},"expression":"_(\"$.tiktok_for_business-1.entry\")"}}}},{"id":"loop-1.default","type":"loop_serial_child","operation":{},"name":"","description":"","parameters":null},{"id":"script-1","type":"normal","operation":{"connectorId":"7242231595057332229","connectorName":"script","connectorVersion":"1.3","operationId":"7242231595225071621","operationName":"execute_script"},"name":"Generate Card Content","description":"","auth":{"key":"","parameters":null,"credentials":{"type":"cred","value":""}},"parameters":{"input":{"type":"array","value":[{"value":{"node_tree":{"path":"$.loop-1.item","t":"json_path"},"expression":"_(\"$.loop-1.item\")"},"type":"spel"},{"type":"spel","value":{"node_tree":{"t":"json_path","path":"$.variable-1.variables[0]"},"expression":"_(\"$.variable-1.variables[0]\")"}}]},"js_code":{"type":"string","value":"function handler(input) {\n  //先遍历生成一个objcet，然后嵌入\n  const changes =\n    input[0].changes;\n  const pageName =\n    input[0].page_name;\n  const campaignName =\n    input[0].campaign_name;\n  const advertiserID =\n    input[1].advertiser_id;\n  const adURL =\n    'https://ads.tiktok.com/leads_management/leads_center?aadvid=' +\n    advertiserID;\n  const columns0 =\n    changes.map((item) =\u003e {\n      return {\n        tag: 'markdown',\n        content: item.field,\n        text_align: 'center',\n      };\n    });\n\n  const columns1 =\n    changes.map((item) =\u003e {\n      return {\n        tag: 'markdown',\n        content: item.value,\n        text_align: 'center',\n      };\n    });\n\n  const newInput = {\n    i18n_elements: {\n      zh_cn: [\n        {\n          tag: 'div',\n          fields: [\n            {\n              text: {\n                tag: 'lark_md',\n                content:\n                  '**Campaign name:**',\n              },\n              is_short: true,\n            },\n            {\n              text: {\n                tag: 'lark_md',\n                content:\n                  campaignName,\n              },\n              is_short: false,\n            },\n            {\n              text: {\n                tag: 'lark_md',\n                content:\n                  '**Page name:**',\n              },\n              is_short: true,\n            },\n            {\n              text: {\n                tag: 'lark_md',\n                content:\n                  pageName,\n              },\n              is_short: false,\n            },\n          ],\n        },\n        {\n          tag: 'markdown',\n          content:\n            '**Details**',\n        },\n        {\n          background_style:\n            'grey',\n          columns: [\n            {\n              elements: [\n                {\n                  content:\n                    '**Field**',\n                  tag: 'markdown',\n                  text_align:\n                    'center',\n                },\n              ],\n              tag: 'column',\n              vertical_align:\n                'top',\n              weight: 1,\n              width:\n                'weighted',\n            },\n            {\n              elements: [\n                {\n                  content:\n                    '**Value**',\n                  tag: 'markdown',\n                  text_align:\n                    'center',\n                },\n              ],\n              tag: 'column',\n              vertical_align:\n                'top',\n              weight: 1,\n              width:\n                'weighted',\n            },\n          ],\n          flex_mode: 'none',\n          tag: 'column_set',\n        },\n        {\n          tag: 'column_set',\n          flex_mode: 'none',\n          background_style:\n            'default',\n          columns: [\n            {\n              tag: 'column',\n              width:\n                'weighted',\n              weight: 1,\n              vertical_align:\n                'top',\n              elements:\n                columns0,\n            },\n            {\n              tag: 'column',\n              width:\n                'weighted',\n              weight: 1,\n              vertical_align:\n                'top',\n              elements:\n                columns1,\n            },\n          ],\n        },\n        {\n          tag: 'action',\n          actions: [\n            {\n              tag: 'button',\n              text: {\n                tag: 'plain_text',\n                content:\n                  'Go to TikTok AD platform',\n              },\n              url: adURL,\n              type: 'primary',\n            },\n          ],\n        },\n      ],\n    },\n    header: {\n      template: 'blue',\n      title: {\n        tag: 'plain_text',\n        i18n: {\n          zh_cn:\n            'New sales lead, please follow up promptly.',\n        },\n      },\n    },\n  };\n  const output =\n    JSON.stringify(newInput);\n  return output;\n}\n"}},"errorHandler":{"method":1,"default":{"config":[10,20,30],"type":"retry"},"configs":[]}},{"id":"custom_robot-1","type":"normal","operation":{"connectorId":"7259263887688613893","connectorName":"custom_robot","connectorVersion":"1.1","operationId":"7259263887952838661","operationName":"open-apis_bot_v2_hook_robot_id_post"},"name":"Send Card Information","description":"","auth":{"key":"","parameters":null,"credentials":{"type":"cred","value":""}},"parameters":{"card":{"type":"spel","value":{"expression":"_(\"$.script-1.result\")","node_tree":{"path":"$.script-1.result","t":"json_path"}}},"msg_type":{"type":"string","value":"interactive"}},"errorHandler":{"method":2,"default":{"type":"failure","config":[]},"configs":[]}}]}