{"name":"Production - Send Welcome letter","version":"2.0","sourceType":"template","structure":[{"id":"webhook-trigger-1","type":"trigger","subSteps":null},{"id":"bitable-3","type":"normal","subSteps":null},{"id":"script-2","type":"normal","subSteps":null},{"id":"bitable-1","type":"normal","subSteps":null},{"id":"variable-1","type":"normal","subSteps":null},{"id":"loop-1","type":"loop_serial_parent","subSteps":[{"id":"loop-1.default","type":"loop_serial_child","subSteps":[{"id":"script-3","type":"normal","subSteps":null},{"id":"drive-1","type":"normal","subSteps":null},{"id":"file_helper-1","type":"normal","subSteps":null},{"id":"variable-2","type":"normal","subSteps":null}]}]},{"id":"script-1","type":"normal","subSteps":null},{"id":"script-5","type":"normal","subSteps":null},{"id":"mail_helper-1","type":"normal","subSteps":null}],"steps":[{"id":"webhook-trigger-1","type":"trigger","operation":{"connectorId":"7241846654284890117","connectorName":"webhook-trigger","connectorVersion":"1.4","operationId":"7241846654486249477","operationName":"webhook_trigger"},"name":"Base trigger","description":"","auth":{"key":"","parameters":null,"credentials":null},"parameters":{"body_type":{"type":"string","value":"json"},"webhook":{"type":"string","value":"https://open.larksuite.com/anycross/trigger/callback/OTkyYTViOGJlYWMzZTYwZDk0NjhlNWRmY2RjYmRiZWEw"},"authorization_config":{"type":"object","value":{"authorization_method":{"value":0,"type":"number"}}}},"dynamicSchema":"{\"manualOutputSchema\":{\"type\":\"object\",\"properties\":{\"body\":{\"type\":\"object\"},\"body_message\":{\"type\":\"string\"},\"content_length\":{\"type\":\"integer\"},\"headers\":{\"type\":\"object\",\"properties\":{\"Accept-Encoding\":{\"type\":\"string\"},\"Akamai-Origin-Hop\":{\"type\":\"string\",\"format\":\"utc-millisec\"},\"Cache-Control\":{\"type\":\"string\"},\"Content-Length\":{\"type\":\"string\",\"format\":\"utc-millisec\"},\"Content-Type\":{\"type\":\"string\"},\"Cw-Ion-Rollout-Enabled\":{\"type\":\"string\",\"format\":\"utc-millisec\"},\"Host\":{\"type\":\"string\"},\"Pragma\":{\"type\":\"string\"},\"User-Agent\":{\"type\":\"string\"},\"Via\":{\"type\":\"string\"},\"X-Akamai-Config-Log-Detail\":{\"type\":\"string\"},\"X-Forwarded-For\":{\"type\":\"string\",\"format\":\"style\"},\"X-Forwarded-Proto\":{\"type\":\"string\"},\"X-Forwarded-Protocol\":{\"type\":\"string\"},\"X-Real-Ip\":{\"type\":\"string\",\"format\":\"ip-address\"},\"X-Tt-Env\":{\"type\":\"string\"},\"X-Tt-Logid\":{\"type\":\"string\"},\"X-User-Geo\":{\"type\":\"string\"}}},\"method\":{\"type\":\"string\"},\"path\":{\"type\":\"string\",\"format\":\"uri\"},\"query\":{\"type\":\"object\",\"properties\":{\"appToken\":{\"type\":\"string\"},\"cc\":{\"type\":\"string\"},\"name\":{\"type\":\"string\"},\"recordID\":{\"type\":\"string\"},\"tableID\":{\"type\":\"string\"},\"to\":{\"type\":\"string\",\"format\":\"email\"}}}}}}"},{"id":"bitable-3","type":"normal","operation":{"connectorId":"7241926900765982725","connectorName":"bitable","connectorVersion":"2.0","operationId":"7241926901952937989","operationName":"Feishu_GetField"},"name":"List field","description":"","auth":{"key":"","parameters":null,"credentials":{"type":"cred","value":"XDWZOMdkk4nbD"}},"parameters":{"app_token":{"type":"string","value":"BNblbmNpLaA2MtsUbDmuDHBgs6c"},"table_id":{"type":"string","value":"tblbWQuGsnGjD8Gy"}},"errorHandler":{"default":{"config":[],"type":"failure"},"defaultStrategy":{"id":"bitable-3.error_handler.default","name":"","action":"terminate"},"strategies":[],"configs":[],"method":2}},{"id":"script-2","type":"normal","operation":{"connectorId":"7242231595057332229","connectorName":"script","connectorVersion":"1.3","operationId":"7242231595225071621","operationName":"execute_script"},"name":"Calculate field id","description":"","auth":{"key":"","parameters":null,"credentials":{"type":"cred","value":""}},"parameters":{"js_code":{"type":"string","value":"function handler(input) {\n  const found =\n    input.items.find(\n      (item) =\u003e\n        item.field_name ===\n        'attachment'\n    );\n  return found.field_id;\n}\n"},"input":{"type":"object","value":{"items":{"type":"spel","value":{"expression":"_(\"$.bitable-3.data.items\")","node_tree":{"path":"$.bitable-3.data.items","t":"json_path"}}}}}},"errorHandler":{"defaultStrategy":{"name":"","action":"retry","retryFallbackAction":"terminate","id":"script-2.error_handler.default"},"strategies":[],"default":{"config":[10,20,30],"type":"retry"},"configs":[],"method":1}},{"id":"bitable-1","type":"normal","operation":{"connectorId":"7241926900765982725","connectorName":"bitable","connectorVersion":"2.0","operationId":"7241926901378334726","operationName":"Feishu_GetRecordInfo_Record"},"name":"Read record","description":"","auth":{"key":"","parameters":null,"credentials":{"type":"cred","value":"XDWZOMdkk4nbD"}},"parameters":{"table_id":{"type":"string","value":"tblbWQuGsnGjD8Gy"},"record_id":{"type":"spel","value":{"expression":"_(\"$.webhook-trigger-1.query.recordID\")","node_tree":{"t":"json_path","path":"$.webhook-trigger-1.query.recordID"}}},"user_id_type":{"type":"string","value":"open_id"},"app_token":{"type":"string","value":"BNblbmNpLaA2MtsUbDmuDHBgs6c"}},"errorHandler":{"defaultStrategy":{"id":"bitable-1.error_handler.default","name":"","action":"terminate"},"strategies":[],"configs":[],"default":{"type":"failure","config":[]},"method":2}},{"id":"variable-1","type":"normal","operation":{"connectorId":"7234033487534096389","connectorName":"variable","connectorVersion":"1.1","operationId":"7234033488075177990","operationName":"set_value"},"name":"Initialize attachment list","description":"","auth":{"key":"","parameters":null,"credentials":{"type":"cred","value":""}},"parameters":{"variables":{"type":"array","value":[{"type":"object","value":{"value_type":{"type":"string","value":"array"},"key":{"type":"string","value":"attachments"},"value":{"type":"spel","value":{"expression":"{}","node_tree":{"t":"inline_list"}}}}}]}},"errorHandler":{"default":{"type":"failure","config":[]},"method":2,"defaultStrategy":{"name":"","action":"terminate","id":"variable-1.error_handler.default"},"strategies":[],"configs":[]}},{"id":"loop-1","type":"loop_serial_parent","operation":{"connectorId":"loop","connectorName":"loop","connectorVersion":"0.0.1","operationId":"loop_serial","operationName":"Serial loop"},"name":"Traverse attachments","description":"","auth":{"key":"","parameters":null,"credentials":{"type":"cred","value":""}},"parameters":{"items":{"type":"spel","value":{"expression":"_(\"$.bitable-1.data.record.fields.attachment\")","node_tree":{"path":"$.bitable-1.data.record.fields.attachment","t":"json_path"}}}}},{"id":"loop-1.default","type":"loop_serial_child","operation":{},"name":"","description":"","auth":{"key":"","parameters":null,"credentials":null},"parameters":null},{"id":"script-3","type":"normal","operation":{"connectorId":"7242231595057332229","connectorName":"script","connectorVersion":"1.3","operationId":"7242231595225071621","operationName":"execute_script"},"name":"Build extra","description":"","auth":{"key":"","parameters":null,"credentials":{"type":"cred","value":""}},"parameters":{"input":{"type":"object","value":{"fieldID":{"type":"spel","value":{"node_tree":{"t":"json_path","path":"$.script-2.result"},"expression":"_(\"$.script-2.result\")"}},"fileToken":{"value":{"expression":"_(\"$.loop-1.item\").get('file_token')","node_tree":{"params":[{"path":"$.loop-1.item","t":"json_path"},{"v":"\"file_token\"","t":"literal","vt":"string"}],"t":"engine_method","method":"get"}},"type":"spel"},"recordID":{"type":"spel","value":{"node_tree":{"path":"$.bitable-1.data.record.record_id","t":"json_path"},"expression":"_(\"$.bitable-1.data.record.record_id\")"}},"tableID":{"type":"spel","value":{"expression":"_(\"$.webhook-trigger-1.query\").get('tableID')","node_tree":{"params":[{"path":"$.webhook-trigger-1.query","t":"json_path"},{"v":"\"tableID\"","t":"literal","vt":"string"}],"t":"engine_method","method":"get"}}}}},"js_code":{"type":"string","value":"function handler(input) {\n  let records = {};\n  records[input.recordID] = [\n    input.fileToken,\n  ];\n  let attachments = {};\n  attachments[input.fieldID] =\n    records;\n  return encodeURIComponent(\n    JSON.stringify({\n      bitablePerm: {\n        tableId:\n          input.tableID,\n        attachments:\n          attachments,\n      },\n    })\n  );\n}\n"}},"errorHandler":{"configs":[],"method":1,"defaultStrategy":{"name":"","action":"retry","retryFallbackAction":"terminate","id":"script-3.error_handler.default"},"strategies":[],"default":{"config":[10,20,30],"type":"retry"}}},{"id":"drive-1","type":"normal","operation":{"connectorId":"7282593284667506694","connectorName":"drive","connectorVersion":"1.2","operationId":"7282593284940103685","operationName":"FeiShu_DownloadMedia_v3"},"name":"Read file","description":"","auth":{"key":"","parameters":null,"credentials":{"type":"cred","value":"XDWZOMdkk4nbD"}},"parameters":{"extra":{"type":"spel","value":{"expression":"_(\"$.script-3.result\")","node_tree":{"path":"$.script-3.result","t":"json_path"}}},"file_token":{"type":"spel","value":{"node_tree":{"t":"engine_method","method":"get","params":[{"t":"json_path","path":"$.loop-1.item"},{"t":"literal","vt":"string","v":"\"file_token\""}]},"expression":"_(\"$.loop-1.item\").get('file_token')"}}},"errorHandler":{"strategies":[],"method":2,"configs":[],"default":{"config":[],"type":"failure"},"defaultStrategy":{"id":"drive-1.error_handler.default","name":"","action":"terminate"}}},{"id":"file_helper-1","type":"normal","operation":{"connectorId":"7239623673919897605","connectorName":"file_helper","connectorVersion":"1.3","operationId":"7239623674217742341","operationName":"file_rename"},"name":"Rename file","description":"","auth":{"key":"","parameters":null,"credentials":{"type":"cred","value":""}},"parameters":{"file":{"type":"spel","value":{"node_tree":{"path":"$.drive-1.file","t":"json_path"},"expression":"_(\"$.drive-1.file\")"}},"file_name":{"type":"spel","value":{"node_tree":{"method":"get","params":[{"path":"$.loop-1.item","t":"json_path"},{"t":"literal","vt":"string","v":"\"name\""}],"t":"engine_method"},"expression":"_(\"$.loop-1.item\").get('name')"}}},"errorHandler":{"method":2,"defaultStrategy":{"id":"file_helper-1.error_handler.default","name":"","action":"terminate"},"strategies":[],"configs":[],"default":{"type":"failure","config":[]}}},{"id":"variable-2","type":"normal","operation":{"connectorId":"7234033487534096389","connectorName":"variable","connectorVersion":"1.1","operationId":"7234033488037412869","operationName":"insert_value_in_list"},"name":"Add attachment","description":"","auth":{"key":"","parameters":null,"credentials":{"type":"cred","value":""}},"parameters":{"position":{"type":"string","value":"end_of_list"},"key":{"type":"string","value":"attachments"},"list":{"type":"array","value":[{"value":{"expression":"_(\"$.file_helper-1.file\")","node_tree":{"path":"$.file_helper-1.file","t":"json_path"}},"type":"spel"}]}},"errorHandler":{"defaultStrategy":{"name":"","action":"terminate","id":"variable-2.error_handler.default"},"strategies":[],"default":{"config":[],"type":"failure"},"method":2,"configs":[]}},{"id":"script-1","type":"normal","operation":{"connectorId":"7215804708106010629","connectorName":"script","connectorVersion":"1.2","operationId":"7215804708286382085","operationName":"execute_script"},"name":"Process recipients","description":"","auth":{"key":"","parameters":null,"credentials":{"type":"cred","value":""}},"parameters":{"input":{"type":"array","value":[{"type":"object","value":{"value":{"type":"spel","value":{"node_tree":{"t":"engine_method","method":"get","params":[{"t":"json_path","path":"$.bitable-1.data.record.fields"},{"v":"\"Email\"","t":"literal","vt":"string"}]},"expression":"_(\"$.bitable-1.data.record.fields\").get('Email')"}},"name":{"type":"string","value":"Email"}}},{"value":{"value":{"type":"spel","value":{"node_tree":{"params":[{"t":"json_path","path":"$.bitable-1.data.record.fields"},{"vt":"string","v":"\"cc\"","t":"literal"}],"t":"engine_method","method":"get"},"expression":"_(\"$.bitable-1.data.record.fields\").get('cc')"}},"name":{"type":"string","value":"cc"}},"type":"object"}]},"js_code":{"type":"string","value":"function handler(input) {\n  var Email = [];\n  var cc = [];\n  if (input.Email) {\n    Email =\n      input.Email.split(',');\n  }\n  if (input.cc) {\n    cc = input.cc.split(',');\n  }\n  return {\n    Email: Email,\n    cc: cc,\n  };\n}\n"}},"errorHandler":{"method":1,"configs":[],"defaultStrategy":{"retryFallbackAction":"terminate","id":"script-1.error_handler.default","name":"","action":"retry"},"strategies":[],"default":{"type":"retry","config":[10,20,30]}}},{"id":"script-5","type":"normal","operation":{"connectorId":"7242231595057332229","connectorName":"script","connectorVersion":"1.3","operationId":"7242231595225071621","operationName":"execute_script"},"name":"JS Mail","description":"","auth":{"key":"","parameters":null,"credentials":{"type":"cred","value":""}},"parameters":{"input":{"type":"object","value":{"name":{"type":"spel","value":{"node_tree":{"t":"json_path","path":"$.webhook-trigger-1.query.name"},"expression":"_(\"$.webhook-trigger-1.query.name\")"}}}},"js_code":{"type":"string","value":"function handler(input) {\n  var output = `\n  \u003cdiv style=\"text-align: center;\"\u003e\n        \u003cimg src=\"https://live.staticflickr.com/65535/53755627512_6221110ae5.jpg\" alt=\"Welcome Letter Aura\" width=\"600\" height=\"300\"\u003e\n  \u003c/div\u003e\n  \u003cp\u003eThân gửi \u003cstrong\u003e${input.name}\u003c/strong\u003e,\u003c/p\u003e\n\n   \u003cp\u003eChúc mừng bạn gia nhập vào đội ngũ \u003cstrong\u003eTập đoàn Aura Group\u003c/strong\u003e.\u003c/p\u003e\n    \n    \u003cp\u003eChúng tôi rất vui và vinh hạnh khi biết bạn đã trở thành một thành viên mới của Tổ chức.\u003c/p\u003e\n\n    \u003cp\u003eĐể giúp bạn hiểu hơn về công ty và nhanh chóng gia nhập môi trường mới, chúng tôi muốn gửi cho bạn một số thông tin.\u003c/p\u003e\n\n    \u003col\u003e\n        \u003cli\u003eKiểm tra thông tin \u003cstrong style=\"color: Crimson; font-weight: bold;\"\u003eTHƯ MỜI NHẬN VIỆC\u003c/strong\u003e tại file đính kèm bên dưới và phản hồi lại nếu thông tin chưa đúng.\u003c/li\u003e\n        \u003cli\u003eĐọc qua \u003cstrong style=\"color: Crimson; font-weight: bold;\"\u003eSỔ TAY NHÂN VIÊN\u003c/strong\u003e \u003ca href=\"https://aurabeauty.larksuite.com/docx/SBMFdmVrzofJzyxAc3hu4JC6sUg?from=from_copylink.html\" target=\"_blank\"\u003e\u003cstrong\u003etại đây\u003c/strong\u003e\u003c/a\u003e để biết thêm về các quy định, nội quy và đầu mối liên hệ công việc.\u003c/li\u003e\n        \u003cli\u003eTham khảo file \u003cstrong style=\"color: Crimson; font-weight: bold;\"\u003eHƯỚNG DẪN CHẤM CÔNG \u003c/strong\u003e \u003ca href=\"https://aurabeauty.larksuite.com/docx/RI6jduMBToPljPx2rLEuHG62sFg?from=from_copylink.html\" target=\"_blank\"\u003e\u003cstrong\u003etại đây\u003c/strong\u003e\u003c/a\u003e để chuẩn bị nhanh tài khoản chấm công trong ngày đầu nhận việc.\u003c/li\u003e\n        \u003cli\u003eChuẩn bị hồ sơ, giấy tờ đầy đủ (để thông tin nhân sự được minh bạch bạn vui lòng bổ sung trong vòng 1 tuần nhận việc).\u003cb\u003e\u003ci\u003e Lưu ý: Phòng Nhân sự chỉ ghi nhận công khi bạn đã nộp đủ hồ sơ công chứng theo danh sách trong File đính kèm.\u003c/i\u003e\u003c/b\u003e\u003c/li\u003e\n        \u003cli\u003eTham khảo file  \u003cstrong style=\"color: Crimson; font-weight: bold;\"\u003eHướng dẫn sử dụng Lark\u003c/strong\u003e \u003ca href=\"https://aurabeauty.larksuite.com/wiki/IIVawGJ5JiTpWTkzlm8ulYGIs6f?from=from_copylink\" target=\"_blank\"\u003e\u003cstrong\u003etại đây\u003c/strong\u003e\u003c/a\u003e để làm việc hiệu quả hơn.\u003c/li\u003e\n        \u003cli\u003eĐiền thông tin cá nhân  \u003ca href=\"https://aurabeauty.larksuite.com/share/base/form/shrus9VuY3xbAUd4Po1asoBIpxe\" target=\"_blank\"\u003e\u003cstrong\u003etại đây\u003c/strong\u003e\u003c/a\u003e để Công ty lưu trữ thông tin của bạn. \u003c/li\u003e\n        \u003cli\u003eRà soát lại các thông tin còn thắc mắc và liên hệ \u003cstrong\u003eBộ phận Tuyển dụng \u003c/strong\u003e để được hỗ trợ (nếu có).\u003c/li\u003e\n        \u003cli\u003eHoàn tất các mục trên và bạn đã sẵn sàng gia nhập \u003cstrong\u003eAura Group\u003c/strong\u003e.\u003c/li\u003e\n    \u003c/ol\u003e\n\n \u003cp\u003eBạn vui lòng đọc kỹ các thông tin và phản hồi lại email này để P.HCNS cập nhật thông tin nhân viên mới.\u003c/p\u003e\n\n    \u003cp\u003eMong rằng bạn sẽ có trải nghiệm làm việc thật tốt tại Tổ chức của chúng tôi.\u003c/p\u003e\n  \n  \u003cp\u003eMột lần nữa, chúng tôi rất mong chờ sự thành công của bạn.\u003c/p\u003e\n\n    \u003cp\u003e\u003cstrong\u003eTrân trọng!\u003c/strong\u003e\u003c/p\u003e\n    \u003cp\u003e\u003cstrong style=\"color: red; font-family: 'Poppins', cursive; font-style: italic;\"\u003eThanks and Best Regards!\u003c/strong\u003e\u003c/p\u003e\n    \u003cp\u003e-------------------------------\u003c/p\u003e\n  \u003c/p\u003e\u003cimg width= \"150px\" src=\"https://live.staticflickr.com/65535/53159653463_4dbdf7487c_m.jpg\" alt=\"Logo Aura Beauty\"\u003e\u003c/p\u003e\n    \u003cp\u003e\u003cstrong\u003ePHÒNG TUYỂN DỤNG NHÂN SỰ AURA GROUP\u003c/strong\u003e\u003c/p\u003e\n    \u003cp\u003e\u003cb\u003eMs. Khánh Vy - Talent Acquisition Specialist\u003c/b\u003e\u003c/p\u003e\n    \u003cp\u003e\u003cstrong\u003eEmail:\u003c/strong\u003e \u003ca href=\"mailto:tuyendung@auragroup.vn\"\u003e tuyendung@auragroup.vn\u003c/a\u003e / \u003ca href=\"mailto:vy.lhk@auragroup.vn\"\u003evy.lhk@auragroup.vn\u003c/a\u003e\u003c/p\u003e\n    \u003cp\u003e\u003cstrong\u003eHotline:\u003c/strong\u003e 0969.903.663\u003c/p\u003e\n    \u003cp\u003e\u003cb\u003eHO: \u003c/b\u003e152/2 Thành Thái, Phường 12, Quận 10, TP. Hồ Chí Minh\u003c/p\u003e\n  `;\n\n  return output;\n}\n"}},"errorHandler":{"configs":[],"method":1,"default":{"type":"retry","config":[10,20,30]},"defaultStrategy":{"name":"","action":"retry","retryFallbackAction":"terminate","id":"script-5.error_handler.default"},"strategies":[]}},{"id":"mail_helper-1","type":"normal","operation":{"connectorId":"7239916549417467910","connectorName":"mail_helper","connectorVersion":"1.0","operationId":"7239916549635620870","operationName":"send_email"},"name":"Send email","description":"","auth":{"key":"","parameters":null,"credentials":{"type":"cred","value":"8qkAowjx9MPXG"}},"parameters":{"to_recipients":{"type":"spel","value":{"node_tree":{"params":[{"path":"$.script-1.result","t":"json_path"},{"v":"\"Email\"","t":"literal","vt":"string"}],"t":"engine_method","method":"get"},"expression":"_(\"$.script-1.result\").get(\n'Email')"}},"cc_recipients":{"type":"spel","value":{"node_tree":{"t":"engine_method","method":"get","params":[{"path":"$.script-1.result","t":"json_path"},{"v":"\"cc\"","t":"literal","vt":"string"}]},"expression":"_(\"$.script-1.result\").get('cc')"}},"subject":{"type":"string","value":"[AURA] WELCOME LETTER"},"content":{"type":"spel","value":{"node_tree":{"path":"$.script-5.result","t":"json_path"},"expression":"_(\"$.script-5.result\")"}},"attachments":{"type":"spel","value":{"node_tree":{"t":"flow_variable","path":"attachments"},"expression":"_(\"$.variable.attachments\")"}}},"errorHandler":{"defaultStrategy":{"action":"ignore","id":"mail_helper-1.error_handler.default","name":""},"strategies":[],"default":{"config":[],"type":"ignore"},"configs":[],"method":2}}]}