{"name":"Producition - Send Report QC","version":"2.0","sourceType":"self","structure":[{"id":"webhook-trigger-1","type":"trigger","subSteps":null},{"id":"bitable-1","type":"normal","subSteps":null},{"id":"bitable-2","type":"normal","subSteps":null},{"id":"card_helper-1","type":"normal","subSteps":null},{"id":"im-1","type":"normal","subSteps":null}],"steps":[{"id":"webhook-trigger-1","type":"trigger","operation":{"connectorId":"7270411537485938693","connectorName":"webhook-trigger","connectorVersion":"1.5","operationId":"7270411537515282438","operationName":"webhook_trigger"},"name":"Webhook Trigger","description":"","auth":{"key":"","parameters":null,"credentials":null},"parameters":{"authorization_config":{"type":"object","value":{"authorization_method":{"value":0,"type":"number"}}},"webhook":{"type":"string","value":"https://open.larksuite.com/anycross/trigger/callback/MGUxOGM4OTNjNzVhMmZmZWZiYzNmN2VkMzJiMDg4YmQ5"},"body_type":{"type":"string","value":"json"}},"dynamicSchema":"{\"manualOutputSchema\":{\"type\":\"object\",\"properties\":{\"body\":{\"type\":\"object\"},\"body_message\":{\"type\":\"string\"},\"content_length\":{\"type\":\"integer\"},\"headers\":{\"type\":\"object\",\"properties\":{\"Akamai-Origin-Hop\":{\"type\":\"string\",\"format\":\"utc-millisec\"},\"Cache-Control\":{\"type\":\"string\"},\"Cw-Enable-Custom-Td\":{\"type\":\"string\",\"format\":\"utc-millisec\"},\"User-Agent\":{\"type\":\"string\"},\"X-Real-Ip\":{\"type\":\"string\",\"format\":\"ip-address\"},\"X-Rewrite-Url\":{\"type\":\"string\"},\"X-Tt-Trace-Id\":{\"type\":\"string\"},\"Accept-Encoding\":{\"type\":\"string\"},\"X-Forwarded-For\":{\"type\":\"string\",\"format\":\"style\"},\"X-Forwarded-Proto\":{\"type\":\"string\"},\"X-Forwarded-Protocol\":{\"type\":\"string\"},\"X-User-Geo\":{\"type\":\"string\"},\"Host\":{\"type\":\"string\"},\"Pragma\":{\"type\":\"string\"},\"X-Akamai-Config-Log-Detail\":{\"type\":\"string\"},\"Content-Length\":{\"type\":\"string\",\"format\":\"utc-millisec\"},\"X-Tt-Env\":{\"type\":\"string\"},\"X-Tt-Logid\":{\"type\":\"string\"},\"Via\":{\"type\":\"string\"}}},\"method\":{\"type\":\"string\"},\"path\":{\"type\":\"string\",\"format\":\"uri\"},\"query\":{\"type\":\"object\",\"properties\":{\"total_task\":{\"type\":\"string\",\"format\":\"utc-millisec\"},\"appToken\":{\"type\":\"string\"},\"done_Mai\":{\"type\":\"string\",\"format\":\"utc-millisec\"},\"done_Oanh\":{\"type\":\"string\",\"format\":\"utc-millisec\"},\"recordID\":{\"type\":\"string\"},\"total_Han\":{\"type\":\"string\",\"format\":\"utc-millisec\"},\"total_Huy\":{\"type\":\"string\",\"format\":\"utc-millisec\"},\"total_Mai\":{\"type\":\"string\",\"format\":\"utc-millisec\"},\"done_HNgoc\":{\"type\":\"string\",\"format\":\"utc-millisec\"},\"done_Han\":{\"type\":\"string\",\"format\":\"utc-millisec\"},\"done_Huy\":{\"type\":\"string\",\"format\":\"utc-millisec\"},\"done_MA\":{\"type\":\"string\",\"format\":\"utc-millisec\"},\"total_MA\":{\"type\":\"string\",\"format\":\"utc-millisec\"},\"total_Sang\":{\"type\":\"string\",\"format\":\"utc-millisec\"},\"done_Sang\":{\"type\":\"string\",\"format\":\"utc-millisec\"},\"tableID\":{\"type\":\"string\"},\"done_task\":{\"type\":\"string\",\"format\":\"utc-millisec\"},\"not_yet\":{\"type\":\"string\",\"format\":\"utc-millisec\"},\"total_HNgoc\":{\"type\":\"string\",\"format\":\"utc-millisec\"},\"total_Oanh\":{\"type\":\"string\",\"format\":\"utc-millisec\"}}}}}}"},{"id":"bitable-1","type":"normal","operation":{"connectorId":"7288152292073701381","connectorName":"bitable","connectorVersion":"2.2","operationId":"7288152292300210181","operationName":"Feishu_GetField"},"name":"List Field","description":"","auth":{"key":"","parameters":null,"credentials":{"type":"cred","value":"vXWRyr1AZMGvp"}},"parameters":{"app_token":{"type":"string","value":"CknCbdSeba1uMasoNkBudWx5sdf"},"table_id":{"type":"string","value":"tblSjfJ414blNjJR"}},"errorHandler":{"strategies":[],"default":{"type":"failure","config":[]},"configs":[],"method":2,"defaultStrategy":{"name":"","action":"terminate","id":"bitable-1.error_handler.default"}}},{"id":"bitable-2","type":"normal","operation":{"connectorId":"7288152292073701381","connectorName":"bitable","connectorVersion":"2.2","operationId":"7288152292388241413","operationName":"Feishu_GetRecordInfo_Record"},"name":"Read Record","description":"","auth":{"key":"","parameters":null,"credentials":{"type":"cred","value":"vXWRyr1AZMGvp"}},"parameters":{"table_id":{"type":"string","value":"tblSjfJ414blNjJR"},"record_id":{"type":"spel","value":{"expression":"_(\"$.webhook-trigger-1.query.recordID\")","node_tree":{"path":"$.webhook-trigger-1.query.recordID","t":"json_path"}}},"app_token":{"type":"string","value":"CknCbdSeba1uMasoNkBudWx5sdf"}},"errorHandler":{"defaultStrategy":{"id":"bitable-2.error_handler.default","name":"","action":"terminate"},"strategies":[],"method":2,"default":{"config":[],"type":"failure"},"configs":[]}},{"id":"card_helper-1","type":"normal","operation":{"connectorId":"7299347175140491269","connectorName":"card_helper","connectorVersion":"1.2","operationId":"7299347175169851398","operationName":"build_card_json"},"name":"Message card helper","description":"","auth":{"key":"","parameters":null,"credentials":{"type":"cred","value":""}},"parameters":{"card_json":{"type":"string","value":"{\"content\":\"{\\n  \\\"elements\\\": [\\n    {\\n      \\\"tag\\\": \\\"markdown\\\",\\n      \\\"content\\\": \\\"**Daily Report HR \u0026 QC - Overview**\\\",\\n      \\\"_id\\\": \\\"element-e4060bd7-fa55-444e-876d-aa7ca6719ec1\\\"\\n    },\\n    {\\n      \\\"tag\\\": \\\"column_set\\\",\\n      \\\"flex_mode\\\": \\\"none\\\",\\n      \\\"background_style\\\": \\\"grey\\\",\\n      \\\"columns\\\": [\\n        {\\n          \\\"tag\\\": \\\"column\\\",\\n          \\\"width\\\": \\\"weighted\\\",\\n          \\\"weight\\\": 1,\\n          \\\"vertical_align\\\": \\\"top\\\",\\n          \\\"elements\\\": [\\n            {\\n              \\\"tag\\\": \\\"markdown\\\",\\n              \\\"content\\\": \\\"Tổng task cần làm\\\\n\u003cfont color='red'\u003e${total_task}\u003c/font\u003e\\\",\\n              \\\"_id\\\": \\\"element-272939f3-e8cb-4800-9377-99d2c64076b5\\\",\\n              \\\"text_align\\\": \\\"center\\\"\\n            }\\n          ],\\n          \\\"_id\\\": \\\"element-972c74bc-bc14-41cc-87f6-86945aa02f9b\\\"\\n        },\\n        {\\n          \\\"tag\\\": \\\"column\\\",\\n          \\\"width\\\": \\\"weighted\\\",\\n          \\\"weight\\\": 1,\\n          \\\"vertical_align\\\": \\\"top\\\",\\n          \\\"elements\\\": [\\n            {\\n              \\\"tag\\\": \\\"markdown\\\",\\n              \\\"content\\\": \\\"Tổng task đã làm\\\\n\u003cfont color='green'\u003e${done_task}\u003c/font\u003e\\\",\\n              \\\"_id\\\": \\\"element-cb7081de-c6cd-4df9-a1d9-04d2c5c3575a\\\",\\n              \\\"text_align\\\": \\\"center\\\"\\n            }\\n          ],\\n          \\\"_id\\\": \\\"element-066aaf4b-3eae-46b0-9730-4d2f8779cddd\\\"\\n        },\\n        {\\n          \\\"tag\\\": \\\"column\\\",\\n          \\\"width\\\": \\\"weighted\\\",\\n          \\\"weight\\\": 1,\\n          \\\"vertical_align\\\": \\\"top\\\",\\n          \\\"elements\\\": [\\n            {\\n              \\\"tag\\\": \\\"markdown\\\",\\n              \\\"content\\\": \\\"Task chưa xong\\\\n**${not_finish_task}**\\\",\\n              \\\"_id\\\": \\\"element-7fa4d769-ef86-43cd-97cf-3821cdc2a2bb\\\",\\n              \\\"text_align\\\": \\\"center\\\"\\n            }\\n          ],\\n          \\\"_id\\\": \\\"element-951bf905-f603-4207-b0e2-70e5fa3141cc\\\"\\n        }\\n      ],\\n      \\\"_id\\\": \\\"element-821a73c8-f09f-4bde-aa34-9fecf60e3fcf\\\"\\n    },\\n    {\\n      \\\"tag\\\": \\\"column_set\\\",\\n      \\\"flex_mode\\\": \\\"none\\\",\\n      \\\"background_style\\\": \\\"grey\\\",\\n      \\\"columns\\\": [\\n        {\\n          \\\"tag\\\": \\\"column\\\",\\n          \\\"width\\\": \\\"weighted\\\",\\n          \\\"weight\\\": 1,\\n          \\\"vertical_align\\\": \\\"top\\\",\\n          \\\"elements\\\": [\\n            {\\n              \\\"tag\\\": \\\"markdown\\\",\\n              \\\"content\\\": \\\"**Tên**\\\",\\n              \\\"text_align\\\": \\\"center\\\",\\n              \\\"_id\\\": \\\"element-87ccbf33-e1c7-4580-8240-abac05f47bda\\\"\\n            }\\n          ],\\n          \\\"_id\\\": \\\"element-749446a1-b241-448a-a064-c3124c17d28f\\\"\\n        },\\n        {\\n          \\\"tag\\\": \\\"column\\\",\\n          \\\"width\\\": \\\"weighted\\\",\\n          \\\"weight\\\": 1,\\n          \\\"vertical_align\\\": \\\"top\\\",\\n          \\\"elements\\\": [\\n            {\\n              \\\"tag\\\": \\\"markdown\\\",\\n              \\\"content\\\": \\\"**Vị trí**\\\",\\n              \\\"_id\\\": \\\"element-6599ab0a-1bfc-4321-855c-61444db7d4f9\\\",\\n              \\\"text_align\\\": \\\"center\\\"\\n            }\\n          ],\\n          \\\"_id\\\": \\\"element-2e829f39-630b-416d-8123-7db6db7fb3b5\\\"\\n        },\\n        {\\n          \\\"tag\\\": \\\"column\\\",\\n          \\\"width\\\": \\\"weighted\\\",\\n          \\\"weight\\\": 1,\\n          \\\"vertical_align\\\": \\\"top\\\",\\n          \\\"elements\\\": [\\n            {\\n              \\\"tag\\\": \\\"markdown\\\",\\n              \\\"content\\\": \\\"**Tổng task**\\\",\\n              \\\"text_align\\\": \\\"center\\\",\\n              \\\"_id\\\": \\\"element-4a5f3545-619f-4418-b2a0-4f4c36ea10be\\\"\\n            }\\n          ],\\n          \\\"_id\\\": \\\"element-8d45cef7-f655-4833-8dec-795096f265ca\\\"\\n        },\\n        {\\n          \\\"tag\\\": \\\"column\\\",\\n          \\\"width\\\": \\\"weighted\\\",\\n          \\\"weight\\\": 1,\\n          \\\"vertical_align\\\": \\\"top\\\",\\n          \\\"elements\\\": [\\n            {\\n              \\\"tag\\\": \\\"markdown\\\",\\n              \\\"content\\\": \\\"**Task đã làm**\\\",\\n              \\\"text_align\\\": \\\"center\\\",\\n              \\\"_id\\\": \\\"element-b44ea14d-1a35-459e-82f0-3a25f3b14ae4\\\"\\n            }\\n          ],\\n          \\\"_id\\\": \\\"element-8c6457b4-bb2a-4ee9-9437-5c3ee872f1af\\\"\\n        }\\n      ],\\n      \\\"_id\\\": \\\"element-28098798-dfb9-43b1-a8ff-b6fea4022971\\\"\\n    },\\n    {\\n      \\\"tag\\\": \\\"column_set\\\",\\n      \\\"flex_mode\\\": \\\"none\\\",\\n      \\\"background_style\\\": \\\"default\\\",\\n      \\\"columns\\\": [],\\n      \\\"action\\\": {},\\n      \\\"_id\\\": \\\"element-17d6ebc9-d26b-4a3c-891e-bfd5e70fca24\\\"\\n    },\\n    {\\n      \\\"tag\\\": \\\"column_set\\\",\\n      \\\"flex_mode\\\": \\\"none\\\",\\n      \\\"background_style\\\": \\\"grey\\\",\\n      \\\"columns\\\": [\\n        {\\n          \\\"tag\\\": \\\"column\\\",\\n          \\\"width\\\": \\\"weighted\\\",\\n          \\\"weight\\\": 1,\\n          \\\"vertical_align\\\": \\\"top\\\",\\n          \\\"elements\\\": [\\n            {\\n              \\\"tag\\\": \\\"markdown\\\",\\n              \\\"content\\\": \\\"**Q.Sang**\\\",\\n              \\\"text_align\\\": \\\"center\\\",\\n              \\\"_id\\\": \\\"element-de9ed132-ca87-4ee1-a8e4-c24e64d38598\\\"\\n            }\\n          ],\\n          \\\"_id\\\": \\\"element-68084193-7932-4b95-bbca-8a0e2eeedfbc\\\"\\n        },\\n        {\\n          \\\"tag\\\": \\\"column\\\",\\n          \\\"width\\\": \\\"weighted\\\",\\n          \\\"weight\\\": 1,\\n          \\\"vertical_align\\\": \\\"top\\\",\\n          \\\"elements\\\": [\\n            {\\n              \\\"tag\\\": \\\"markdown\\\",\\n              \\\"content\\\": \\\"Hành chính\\\",\\n              \\\"_id\\\": \\\"element-96f2c7b7-c326-4067-af57-ec3c954d4efc\\\",\\n              \\\"text_align\\\": \\\"center\\\"\\n            }\\n          ],\\n          \\\"_id\\\": \\\"element-dd31fe75-67a0-4342-91a5-6e9f7ae52c0c\\\"\\n        },\\n        {\\n          \\\"tag\\\": \\\"column\\\",\\n          \\\"width\\\": \\\"weighted\\\",\\n          \\\"weight\\\": 1,\\n          \\\"vertical_align\\\": \\\"top\\\",\\n          \\\"elements\\\": [\\n            {\\n              \\\"tag\\\": \\\"markdown\\\",\\n              \\\"content\\\": \\\"${total_Sang}\\\",\\n              \\\"text_align\\\": \\\"center\\\",\\n              \\\"_id\\\": \\\"element-40a7b53e-0ddf-4ab1-a815-e2793fc22c70\\\"\\n            }\\n          ],\\n          \\\"_id\\\": \\\"element-0170b653-8a21-4073-8494-2dbb09dd07d8\\\"\\n        },\\n        {\\n          \\\"tag\\\": \\\"column\\\",\\n          \\\"width\\\": \\\"weighted\\\",\\n          \\\"weight\\\": 1,\\n          \\\"vertical_align\\\": \\\"top\\\",\\n          \\\"elements\\\": [\\n            {\\n              \\\"tag\\\": \\\"markdown\\\",\\n              \\\"content\\\": \\\"${done_Sang}\\\",\\n              \\\"text_align\\\": \\\"center\\\",\\n              \\\"_id\\\": \\\"element-3c499adc-d4ad-4707-8092-04371bfba452\\\"\\n            }\\n          ],\\n          \\\"_id\\\": \\\"element-30783cef-80ec-43d7-9289-16e6c7f040b8\\\"\\n        }\\n      ],\\n      \\\"_id\\\": \\\"element-49772e7d-282f-4578-b602-dc4947f02da2\\\"\\n    },\\n    {\\n      \\\"tag\\\": \\\"column_set\\\",\\n      \\\"flex_mode\\\": \\\"none\\\",\\n      \\\"background_style\\\": \\\"grey\\\",\\n      \\\"columns\\\": [\\n        {\\n          \\\"tag\\\": \\\"column\\\",\\n          \\\"width\\\": \\\"weighted\\\",\\n          \\\"weight\\\": 1,\\n          \\\"vertical_align\\\": \\\"top\\\",\\n          \\\"elements\\\": [\\n            {\\n              \\\"tag\\\": \\\"markdown\\\",\\n              \\\"content\\\": \\\"**M.Anh**\\\",\\n              \\\"text_align\\\": \\\"center\\\",\\n              \\\"_id\\\": \\\"element-26bec837-e279-4c6b-b958-07aae76cbee7\\\"\\n            }\\n          ],\\n          \\\"_id\\\": \\\"element-3b37872b-85ed-48ac-b119-b78951facadf\\\"\\n        },\\n        {\\n          \\\"tag\\\": \\\"column\\\",\\n          \\\"width\\\": \\\"weighted\\\",\\n          \\\"weight\\\": 1,\\n          \\\"vertical_align\\\": \\\"top\\\",\\n          \\\"elements\\\": [\\n            {\\n              \\\"tag\\\": \\\"markdown\\\",\\n              \\\"content\\\": \\\"TA\\\",\\n              \\\"_id\\\": \\\"element-5c4747d0-b3e9-4755-9ce9-4a8c2283f266\\\",\\n              \\\"text_align\\\": \\\"center\\\"\\n            }\\n          ],\\n          \\\"_id\\\": \\\"element-2bd5f985-5c55-48db-abdb-a8b8cdd92baf\\\"\\n        },\\n        {\\n          \\\"tag\\\": \\\"column\\\",\\n          \\\"width\\\": \\\"weighted\\\",\\n          \\\"weight\\\": 1,\\n          \\\"vertical_align\\\": \\\"top\\\",\\n          \\\"elements\\\": [\\n            {\\n              \\\"tag\\\": \\\"markdown\\\",\\n              \\\"content\\\": \\\"${total_MA}\\\",\\n              \\\"text_align\\\": \\\"center\\\",\\n              \\\"_id\\\": \\\"element-fdeec95c-9e1b-47f1-805a-5a854a01cfad\\\"\\n            }\\n          ],\\n          \\\"_id\\\": \\\"element-b433e603-5909-4e28-8c03-f862cb248a42\\\"\\n        },\\n        {\\n          \\\"tag\\\": \\\"column\\\",\\n          \\\"width\\\": \\\"weighted\\\",\\n          \\\"weight\\\": 1,\\n          \\\"vertical_align\\\": \\\"top\\\",\\n          \\\"elements\\\": [\\n            {\\n              \\\"tag\\\": \\\"markdown\\\",\\n              \\\"content\\\": \\\"${done_MA}\\\",\\n              \\\"text_align\\\": \\\"center\\\",\\n              \\\"_id\\\": \\\"element-7a6fd061-7c69-40f8-ada0-0c0bf9e69113\\\"\\n            }\\n          ],\\n          \\\"_id\\\": \\\"element-af60aa8a-00db-43e0-8d72-95a5804cec43\\\"\\n        }\\n      ],\\n      \\\"_id\\\": \\\"element-632d4837-3d77-496e-ac51-04cece01442e\\\"\\n    },\\n    {\\n      \\\"tag\\\": \\\"column_set\\\",\\n      \\\"flex_mode\\\": \\\"none\\\",\\n      \\\"background_style\\\": \\\"grey\\\",\\n      \\\"columns\\\": [\\n        {\\n          \\\"tag\\\": \\\"column\\\",\\n          \\\"width\\\": \\\"weighted\\\",\\n          \\\"weight\\\": 1,\\n          \\\"vertical_align\\\": \\\"top\\\",\\n          \\\"elements\\\": [\\n            {\\n              \\\"tag\\\": \\\"markdown\\\",\\n              \\\"content\\\": \\\"**T.Mai**\\\",\\n              \\\"text_align\\\": \\\"center\\\",\\n              \\\"_id\\\": \\\"element-fd8667e0-1f8a-4b22-aabd-a063eac77bcb\\\"\\n            }\\n          ],\\n          \\\"_id\\\": \\\"element-1243d8a1-dd4b-4754-bfd0-a1bfce403bc8\\\"\\n        },\\n        {\\n          \\\"tag\\\": \\\"column\\\",\\n          \\\"width\\\": \\\"weighted\\\",\\n          \\\"weight\\\": 1,\\n          \\\"vertical_align\\\": \\\"top\\\",\\n          \\\"elements\\\": [\\n            {\\n              \\\"tag\\\": \\\"markdown\\\",\\n              \\\"content\\\": \\\"C\u0026B\\\",\\n              \\\"_id\\\": \\\"element-624c75d0-f0f7-4aab-b9c5-4d8b5d031a4e\\\",\\n              \\\"text_align\\\": \\\"center\\\"\\n            }\\n          ],\\n          \\\"_id\\\": \\\"element-4ae3872f-a430-4adb-bfa0-1f8b5609c6cc\\\"\\n        },\\n        {\\n          \\\"tag\\\": \\\"column\\\",\\n          \\\"width\\\": \\\"weighted\\\",\\n          \\\"weight\\\": 1,\\n          \\\"vertical_align\\\": \\\"top\\\",\\n          \\\"elements\\\": [\\n            {\\n              \\\"tag\\\": \\\"markdown\\\",\\n              \\\"content\\\": \\\"${total_Mai}\\\",\\n              \\\"text_align\\\": \\\"center\\\",\\n              \\\"_id\\\": \\\"element-c3065737-9c58-448c-8573-092abe7598de\\\"\\n            }\\n          ],\\n          \\\"_id\\\": \\\"element-f104f88e-e51a-4256-80a7-e53d704f9b8e\\\"\\n        },\\n        {\\n          \\\"tag\\\": \\\"column\\\",\\n          \\\"width\\\": \\\"weighted\\\",\\n          \\\"weight\\\": 1,\\n          \\\"vertical_align\\\": \\\"top\\\",\\n          \\\"elements\\\": [\\n            {\\n              \\\"tag\\\": \\\"markdown\\\",\\n              \\\"content\\\": \\\"${done_Mai}\\\",\\n              \\\"text_align\\\": \\\"center\\\",\\n              \\\"_id\\\": \\\"element-3234e832-7e38-4ec6-9821-1db0caaaaec8\\\"\\n            }\\n          ],\\n          \\\"_id\\\": \\\"element-7d3dc607-668e-478d-9cee-050d24f9352c\\\"\\n        }\\n      ],\\n      \\\"_id\\\": \\\"element-57111922-b924-4346-9451-1550e082d547\\\"\\n    },\\n    {\\n      \\\"tag\\\": \\\"column_set\\\",\\n      \\\"flex_mode\\\": \\\"none\\\",\\n      \\\"background_style\\\": \\\"grey\\\",\\n      \\\"columns\\\": [\\n        {\\n          \\\"tag\\\": \\\"column\\\",\\n          \\\"width\\\": \\\"weighted\\\",\\n          \\\"weight\\\": 1,\\n          \\\"vertical_align\\\": \\\"top\\\",\\n          \\\"elements\\\": [\\n            {\\n              \\\"tag\\\": \\\"markdown\\\",\\n              \\\"content\\\": \\\"**T.Huy**\\\",\\n              \\\"_id\\\": \\\"element-bf44cc74-0d43-4da5-8427-1e010cb4cf60\\\",\\n              \\\"text_align\\\": \\\"center\\\"\\n            }\\n          ],\\n          \\\"_id\\\": \\\"element-15ca5809-a823-4228-96ab-c3f79042f983\\\"\\n        },\\n        {\\n          \\\"tag\\\": \\\"column\\\",\\n          \\\"width\\\": \\\"weighted\\\",\\n          \\\"weight\\\": 1,\\n          \\\"vertical_align\\\": \\\"top\\\",\\n          \\\"elements\\\": [\\n            {\\n              \\\"tag\\\": \\\"markdown\\\",\\n              \\\"content\\\": \\\"IT\\\",\\n              \\\"_id\\\": \\\"element-242bd43a-bb2a-4a59-9c39-5f0914618e50\\\",\\n              \\\"text_align\\\": \\\"center\\\"\\n            }\\n          ],\\n          \\\"_id\\\": \\\"element-2100e1fe-a36f-4a2b-937a-15979125f680\\\"\\n        },\\n        {\\n          \\\"tag\\\": \\\"column\\\",\\n          \\\"width\\\": \\\"weighted\\\",\\n          \\\"weight\\\": 1,\\n          \\\"vertical_align\\\": \\\"top\\\",\\n          \\\"elements\\\": [\\n            {\\n              \\\"tag\\\": \\\"markdown\\\",\\n              \\\"content\\\": \\\"${total_Huy}\\\",\\n              \\\"_id\\\": \\\"element-3d696e12-b16c-45dd-ab3f-839f9cee036b\\\",\\n              \\\"text_align\\\": \\\"center\\\"\\n            }\\n          ],\\n          \\\"_id\\\": \\\"element-ab6fba81-9a0e-48c8-a13d-ed1500d7c857\\\"\\n        },\\n        {\\n          \\\"tag\\\": \\\"column\\\",\\n          \\\"width\\\": \\\"weighted\\\",\\n          \\\"weight\\\": 1,\\n          \\\"vertical_align\\\": \\\"top\\\",\\n          \\\"elements\\\": [\\n            {\\n              \\\"tag\\\": \\\"markdown\\\",\\n              \\\"content\\\": \\\"${done_Huy}\\\",\\n              \\\"_id\\\": \\\"element-8ae4aacc-6ece-48da-83d9-a1c1ba80194b\\\",\\n              \\\"text_align\\\": \\\"center\\\"\\n            }\\n          ],\\n          \\\"_id\\\": \\\"element-ef7ad853-3540-44fe-9858-7fea50f4eedc\\\"\\n        }\\n      ],\\n      \\\"_id\\\": \\\"element-ceed06be-47ff-41ea-8723-4218038022ed\\\"\\n    },\\n    {\\n      \\\"tag\\\": \\\"column_set\\\",\\n      \\\"flex_mode\\\": \\\"none\\\",\\n      \\\"background_style\\\": \\\"grey\\\",\\n      \\\"columns\\\": [\\n        {\\n          \\\"tag\\\": \\\"column\\\",\\n          \\\"width\\\": \\\"weighted\\\",\\n          \\\"weight\\\": 1,\\n          \\\"vertical_align\\\": \\\"top\\\",\\n          \\\"elements\\\": [\\n            {\\n              \\\"tag\\\": \\\"markdown\\\",\\n              \\\"content\\\": \\\"**H.Oanh**\\\",\\n              \\\"_id\\\": \\\"element-85351d75-4f9c-4459-bd88-def135908f75\\\",\\n              \\\"text_align\\\": \\\"center\\\"\\n            }\\n          ],\\n          \\\"_id\\\": \\\"element-cc78290e-659a-4ea4-b561-f2bea8061993\\\"\\n        },\\n        {\\n          \\\"tag\\\": \\\"column\\\",\\n          \\\"width\\\": \\\"weighted\\\",\\n          \\\"weight\\\": 1,\\n          \\\"vertical_align\\\": \\\"top\\\",\\n          \\\"elements\\\": [\\n            {\\n              \\\"tag\\\": \\\"markdown\\\",\\n              \\\"content\\\": \\\"QC\\\",\\n              \\\"_id\\\": \\\"element-8acd9bc6-fa84-445a-bb94-e191435fdaef\\\",\\n              \\\"text_align\\\": \\\"center\\\"\\n            }\\n          ],\\n          \\\"_id\\\": \\\"element-36388e2a-cac9-48ff-852f-ef8388c1a6b3\\\"\\n        },\\n        {\\n          \\\"tag\\\": \\\"column\\\",\\n          \\\"width\\\": \\\"weighted\\\",\\n          \\\"weight\\\": 1,\\n          \\\"vertical_align\\\": \\\"top\\\",\\n          \\\"elements\\\": [\\n            {\\n              \\\"tag\\\": \\\"markdown\\\",\\n              \\\"content\\\": \\\"${total_Oanh}\\\",\\n              \\\"_id\\\": \\\"element-fc9f5513-745e-4bac-af69-24ec5cf43368\\\",\\n              \\\"text_align\\\": \\\"center\\\"\\n            }\\n          ],\\n          \\\"_id\\\": \\\"element-1b2875a1-63ce-4e1e-a0dd-ee5a2162c3f3\\\"\\n        },\\n        {\\n          \\\"tag\\\": \\\"column\\\",\\n          \\\"width\\\": \\\"weighted\\\",\\n          \\\"weight\\\": 1,\\n          \\\"vertical_align\\\": \\\"top\\\",\\n          \\\"elements\\\": [\\n            {\\n              \\\"tag\\\": \\\"markdown\\\",\\n              \\\"content\\\": \\\"${done_Oanh}\\\",\\n              \\\"_id\\\": \\\"element-36d33581-51d1-4d31-bde5-7cf989a3af52\\\",\\n              \\\"text_align\\\": \\\"center\\\"\\n            }\\n          ],\\n          \\\"_id\\\": \\\"element-07a0330a-3618-44b9-8cfa-4685593da777\\\"\\n        }\\n      ],\\n      \\\"_id\\\": \\\"element-973b4039-1840-44e4-9e42-f043466d2214\\\"\\n    },\\n    {\\n      \\\"tag\\\": \\\"column_set\\\",\\n      \\\"flex_mode\\\": \\\"none\\\",\\n      \\\"background_style\\\": \\\"grey\\\",\\n      \\\"columns\\\": [\\n        {\\n          \\\"tag\\\": \\\"column\\\",\\n          \\\"width\\\": \\\"weighted\\\",\\n          \\\"weight\\\": 1,\\n          \\\"vertical_align\\\": \\\"top\\\",\\n          \\\"elements\\\": [\\n            {\\n              \\\"tag\\\": \\\"markdown\\\",\\n              \\\"content\\\": \\\"**N.Hân**\\\",\\n              \\\"_id\\\": \\\"element-b386167d-4c16-4c22-b466-107684434e3a\\\",\\n              \\\"text_align\\\": \\\"center\\\"\\n            }\\n          ],\\n          \\\"_id\\\": \\\"element-a1c3feb4-6200-407c-af48-cbc831058fbd\\\"\\n        },\\n        {\\n          \\\"tag\\\": \\\"column\\\",\\n          \\\"width\\\": \\\"weighted\\\",\\n          \\\"weight\\\": 1,\\n          \\\"vertical_align\\\": \\\"top\\\",\\n          \\\"elements\\\": [\\n            {\\n              \\\"tag\\\": \\\"markdown\\\",\\n              \\\"content\\\": \\\"QC\\\",\\n              \\\"_id\\\": \\\"element-3b13ce63-abf6-4bf5-a5c1-bb0ad07ec79c\\\",\\n              \\\"text_align\\\": \\\"center\\\"\\n            }\\n          ],\\n          \\\"_id\\\": \\\"element-21332fc4-6a92-4ed1-99b3-39af34466b11\\\"\\n        },\\n        {\\n          \\\"tag\\\": \\\"column\\\",\\n          \\\"width\\\": \\\"weighted\\\",\\n          \\\"weight\\\": 1,\\n          \\\"vertical_align\\\": \\\"top\\\",\\n          \\\"elements\\\": [\\n            {\\n              \\\"tag\\\": \\\"markdown\\\",\\n              \\\"content\\\": \\\"${total_Han}\\\",\\n              \\\"_id\\\": \\\"element-97bce520-05fc-41b6-bd33-a0384d951d9b\\\",\\n              \\\"text_align\\\": \\\"center\\\"\\n            }\\n          ],\\n          \\\"_id\\\": \\\"element-a0de8b85-5c48-4869-8637-ce4ff6d58fc2\\\"\\n        },\\n        {\\n          \\\"tag\\\": \\\"column\\\",\\n          \\\"width\\\": \\\"weighted\\\",\\n          \\\"weight\\\": 1,\\n          \\\"vertical_align\\\": \\\"top\\\",\\n          \\\"elements\\\": [\\n            {\\n              \\\"tag\\\": \\\"markdown\\\",\\n              \\\"content\\\": \\\"${done_Han}\\\",\\n              \\\"_id\\\": \\\"element-8de17747-75ab-4fff-a044-9868590df2aa\\\",\\n              \\\"text_align\\\": \\\"center\\\"\\n            }\\n          ],\\n          \\\"_id\\\": \\\"element-2c3ee094-eab0-4c53-867e-870097c1d0e8\\\"\\n        }\\n      ],\\n      \\\"_id\\\": \\\"element-a43846ae-6298-4e46-9ca2-56ca13d108c0\\\"\\n    },\\n    {\\n      \\\"tag\\\": \\\"column_set\\\",\\n      \\\"flex_mode\\\": \\\"none\\\",\\n      \\\"background_style\\\": \\\"grey\\\",\\n      \\\"columns\\\": [\\n        {\\n          \\\"tag\\\": \\\"column\\\",\\n          \\\"width\\\": \\\"weighted\\\",\\n          \\\"weight\\\": 1,\\n          \\\"vertical_align\\\": \\\"top\\\",\\n          \\\"elements\\\": [\\n            {\\n              \\\"tag\\\": \\\"markdown\\\",\\n              \\\"content\\\": \\\"**H.Ngọc**\\\",\\n              \\\"_id\\\": \\\"element-5a6c5676-d6c1-4478-a04a-45bfd514675c\\\",\\n              \\\"text_align\\\": \\\"center\\\"\\n            }\\n          ],\\n          \\\"_id\\\": \\\"element-ff091156-c85f-49a3-b8cc-38b67282ab8e\\\"\\n        },\\n        {\\n          \\\"tag\\\": \\\"column\\\",\\n          \\\"width\\\": \\\"weighted\\\",\\n          \\\"weight\\\": 1,\\n          \\\"vertical_align\\\": \\\"top\\\",\\n          \\\"elements\\\": [\\n            {\\n              \\\"tag\\\": \\\"markdown\\\",\\n              \\\"content\\\": \\\"QC\\\",\\n              \\\"_id\\\": \\\"element-ab7b50e1-4c48-4f1f-a9fc-0220edabd71b\\\",\\n              \\\"text_align\\\": \\\"center\\\"\\n            }\\n          ],\\n          \\\"_id\\\": \\\"element-63093805-426c-4b38-855b-9d6fd0b620fa\\\"\\n        },\\n        {\\n          \\\"tag\\\": \\\"column\\\",\\n          \\\"width\\\": \\\"weighted\\\",\\n          \\\"weight\\\": 1,\\n          \\\"vertical_align\\\": \\\"top\\\",\\n          \\\"elements\\\": [\\n            {\\n              \\\"tag\\\": \\\"markdown\\\",\\n              \\\"content\\\": \\\"${total_HNgoc}\\\",\\n              \\\"_id\\\": \\\"element-8bc425de-63b5-4b4e-b5cd-221a5679e7cd\\\",\\n              \\\"text_align\\\": \\\"center\\\"\\n            }\\n          ],\\n          \\\"_id\\\": \\\"element-d586942d-1ded-45da-b4d4-e87cb9917cc6\\\"\\n        },\\n        {\\n          \\\"tag\\\": \\\"column\\\",\\n          \\\"width\\\": \\\"weighted\\\",\\n          \\\"weight\\\": 1,\\n          \\\"vertical_align\\\": \\\"top\\\",\\n          \\\"elements\\\": [\\n            {\\n              \\\"tag\\\": \\\"markdown\\\",\\n              \\\"content\\\": \\\"${done_HNgoc}\\\",\\n              \\\"_id\\\": \\\"element-f8c5e409-ede4-4fba-b838-c5ef13f87105\\\",\\n              \\\"text_align\\\": \\\"center\\\"\\n            }\\n          ],\\n          \\\"_id\\\": \\\"element-1770225f-2c68-4539-9584-5150f75d6d85\\\"\\n        }\\n      ],\\n      \\\"_id\\\": \\\"element-d8d3fed1-e8a7-4a7c-8bdc-b8ff8b937b34\\\"\\n    },\\n    {\\n      \\\"tag\\\": \\\"column_set\\\",\\n      \\\"flex_mode\\\": \\\"none\\\",\\n      \\\"background_style\\\": \\\"grey\\\",\\n      \\\"columns\\\": [],\\n      \\\"_id\\\": \\\"element-89a0634c-7392-44fa-a8fe-dc96fcff7e0f\\\"\\n    }\\n  ]\\n}\",\"variables\":[{\"type\":\"Text\",\"config\":\"{}\",\"name\":\"done_Han\",\"description\":\"done_Han\"},{\"type\":\"Text\",\"config\":\"{}\",\"name\":\"done_HNgoc\",\"description\":\"done_Ngoc\"},{\"type\":\"Text\",\"config\":\"{}\",\"name\":\"done_Huy\",\"description\":\"task da xong cua Huy\"},{\"type\":\"Text\",\"config\":\"{}\",\"name\":\"done_MA\",\"description\":\"done_MA\"},{\"type\":\"Text\",\"config\":\"{}\",\"name\":\"done_Mai\",\"description\":\"done_Mai\"},{\"type\":\"Text\",\"config\":\"{}\",\"name\":\"done_Oanh\",\"description\":\"done_Oanh\"},{\"type\":\"Text\",\"config\":\"{}\",\"name\":\"done_Sang\",\"description\":\"done_Sang\"},{\"type\":\"Text\",\"config\":\"{}\",\"name\":\"done_task\",\"description\":\"done_task\"},{\"type\":\"Text\",\"config\":\"{}\",\"name\":\"not_finish_task\",\"description\":\"not_finish_task\"},{\"type\":\"Text\",\"config\":\"{}\",\"name\":\"total_Han\",\"description\":\"total_Han\"},{\"type\":\"Text\",\"config\":\"{}\",\"name\":\"total_HNgoc\",\"description\":\"total_Ngoc\"},{\"type\":\"Text\",\"config\":\"{}\",\"name\":\"total_Huy\",\"description\":\"tong task cua Huy\"},{\"type\":\"Text\",\"config\":\"{}\",\"name\":\"total_MA\",\"description\":\"total_MA\"},{\"type\":\"Text\",\"config\":\"{}\",\"name\":\"total_Mai\",\"description\":\"total_Mai\"},{\"type\":\"Text\",\"config\":\"{}\",\"name\":\"total_Oanh\",\"description\":\"total_Oanh\"},{\"type\":\"Text\",\"config\":\"{}\",\"name\":\"total_Sang\",\"description\":\"done_Sang\"},{\"type\":\"Text\",\"config\":\"{}\",\"name\":\"total_task\",\"description\":\"total_task\"}],\"mockData\":\"{\\\"not_finish_task\\\":\\\"\\\",\\\"total_task\\\":\\\"\\\",\\\"done_task\\\":\\\"\\\",\\\"total_Sang\\\":\\\"\\\",\\\"total_MA\\\":\\\"\\\",\\\"total_Mai\\\":\\\"\\\",\\\"done_Sang\\\":\\\"\\\",\\\"done_MA\\\":\\\"\\\",\\\"done_Mai\\\":\\\"\\\",\\\"total_Huy\\\":\\\"\\\",\\\"done_Huy\\\":\\\"\\\",\\\"total_Oanh\\\":\\\"\\\",\\\"done_Oanh\\\":\\\"\\\",\\\"total_Han\\\":\\\"\\\",\\\"done_Han\\\":\\\"\\\",\\\"total_HNgoc\\\":\\\"\\\",\\\"done_HNgoc\\\":\\\"\\\"}\"}"},"variables":{"type":"object","value":{"total_Mai":{"type":"spel","value":{"node_tree":{"path":"$.webhook-trigger-1.query.total_Mai","t":"json_path"},"expression":"_(\"$.webhook-trigger-1.query.total_Mai\")"}},"done_HNgoc":{"type":"spel","value":{"node_tree":{"path":"$.webhook-trigger-1.query.done_HNgoc","t":"json_path"},"expression":"_(\"$.webhook-trigger-1.query.done_HNgoc\")"}},"done_Sang":{"type":"spel","value":{"node_tree":{"t":"json_path","path":"$.webhook-trigger-1.query.done_Sang"},"expression":"_(\"$.webhook-trigger-1.query.done_Sang\")"}},"not_finish_task":{"value":{"expression":"_(\"$.webhook-trigger-1.query.not_yet\")","node_tree":{"path":"$.webhook-trigger-1.query.not_yet","t":"json_path"}},"type":"spel"},"total_task":{"value":{"expression":"_(\"$.webhook-trigger-1.query.total_task\")","node_tree":{"path":"$.webhook-trigger-1.query.total_task","t":"json_path"}},"type":"spel"},"done_Mai":{"value":{"expression":"_(\"$.webhook-trigger-1.query.done_Mai\")","node_tree":{"t":"json_path","path":"$.webhook-trigger-1.query.done_Mai"}},"type":"spel"},"total_Huy":{"type":"spel","value":{"node_tree":{"path":"$.webhook-trigger-1.query.total_Huy","t":"json_path"},"expression":"_(\"$.webhook-trigger-1.query.total_Huy\")"}},"total_MA":{"type":"spel","value":{"expression":"_(\"$.webhook-trigger-1.query.total_MA\")","node_tree":{"t":"json_path","path":"$.webhook-trigger-1.query.total_MA"}}},"total_Sang":{"type":"spel","value":{"expression":"_(\"$.webhook-trigger-1.query.total_Sang\")","node_tree":{"t":"json_path","path":"$.webhook-trigger-1.query.total_Sang"}}},"total_Han":{"type":"spel","value":{"node_tree":{"t":"json_path","path":"$.webhook-trigger-1.query.total_Han"},"expression":"_(\"$.webhook-trigger-1.query.total_Han\")"}},"done_Han":{"value":{"node_tree":{"path":"$.webhook-trigger-1.query.done_Han","t":"json_path"},"expression":"_(\"$.webhook-trigger-1.query.done_Han\")"},"type":"spel"},"done_task":{"type":"spel","value":{"expression":"_(\"$.webhook-trigger-1.query.done_task\")","node_tree":{"t":"json_path","path":"$.webhook-trigger-1.query.done_task"}}},"done_Oanh":{"type":"spel","value":{"expression":"_(\"$.webhook-trigger-1.query.done_Oanh\")","node_tree":{"t":"json_path","path":"$.webhook-trigger-1.query.done_Oanh"}}},"done_MA":{"value":{"expression":"_(\"$.webhook-trigger-1.query.done_MA\")","node_tree":{"t":"json_path","path":"$.webhook-trigger-1.query.done_MA"}},"type":"spel"},"total_HNgoc":{"value":{"expression":"_(\"$.webhook-trigger-1.query.total_HNgoc\")","node_tree":{"path":"$.webhook-trigger-1.query.total_HNgoc","t":"json_path"}},"type":"spel"},"total_Oanh":{"type":"spel","value":{"expression":"_(\"$.webhook-trigger-1.query.total_Oanh\")","node_tree":{"t":"json_path","path":"$.webhook-trigger-1.query.total_Oanh"}}},"done_Huy":{"value":{"expression":"_(\"$.webhook-trigger-1.query.done_Huy\")","node_tree":{"t":"json_path","path":"$.webhook-trigger-1.query.done_Huy"}},"type":"spel"}}}},"errorHandler":{"defaultStrategy":{"action":"terminate","id":"card_helper-1.error_handler.default","name":""},"strategies":[],"configs":[],"method":2,"default":{"type":"failure","config":[]}}},{"id":"im-1","type":"normal","operation":{"connectorId":"7367260348719661062","connectorName":"im","connectorVersion":"2.4","operationId":"7367260348996386821"},"name":"Lark Messenger","description":"","auth":{"key":"","parameters":null,"credentials":{"type":"cred","value":"vXWRyr1AZMGvp"}},"parameters":{"receive_id":{"type":"string","value":"anycross_user_7199168825273614342"},"receive_id_type":{"type":"string","value":"open_id"},"content":{"type":"spel","value":{"expression":"_(\"$.card_helper-1.card_json\")","node_tree":{"t":"json_path","path":"$.card_helper-1.card_json"}}},"msg_type":{"type":"string","value":"interactive"}},"errorHandler":{"defaultStrategy":{"id":"im-1.error_handler.default","name":"","action":"terminate"}}}]}