{"name":"Production - Send exam for applicant","version":"2.0","sourceType":"template","structure":[{"id":"webhook-trigger-1","type":"trigger","subSteps":null},{"id":"bitable-3","type":"normal","subSteps":null},{"id":"script-2","type":"normal","subSteps":null},{"id":"bitable-1","type":"normal","subSteps":null},{"id":"variable-1","type":"normal","subSteps":null},{"id":"loop-1","type":"loop_serial_parent","subSteps":[{"id":"loop-1.default","type":"loop_serial_child","subSteps":[{"id":"script-3","type":"normal","subSteps":null},{"id":"drive-1","type":"normal","subSteps":null},{"id":"file_helper-1","type":"normal","subSteps":null},{"id":"variable-2","type":"normal","subSteps":null}]}]},{"id":"script-1","type":"normal","subSteps":null},{"id":"script-5","type":"normal","subSteps":null},{"id":"mail_helper-1","type":"normal","subSteps":null}],"steps":[{"id":"webhook-trigger-1","type":"trigger","operation":{"connectorId":"7241846654284890117","connectorName":"webhook-trigger","connectorVersion":"1.4","operationId":"7241846654486249477","operationName":"webhook_trigger"},"name":"Base trigger","description":"","auth":{"key":"","parameters":null,"credentials":null},"parameters":{"body_type":{"type":"string","value":"json"},"webhook":{"type":"string","value":"https://open.larksuite.com/anycross/trigger/callback/Y2ViNWI1YjAzOGUyN2NkMjg0OTdiNjE4N2NiZGY2ODIw"},"authorization_config":{"type":"object","value":{"authorization_method":{"type":"number","value":0}}}},"dynamicSchema":"{\"manualOutputSchema\":{\"type\":\"object\",\"properties\":{\"body\":{\"type\":\"object\"},\"body_message\":{\"type\":\"string\"},\"content_length\":{\"type\":\"integer\"},\"headers\":{\"type\":\"object\",\"properties\":{\"Accept-Encoding\":{\"type\":\"string\"},\"Akamai-Origin-Hop\":{\"type\":\"string\",\"format\":\"utc-millisec\"},\"Cache-Control\":{\"type\":\"string\"},\"Content-Length\":{\"type\":\"string\",\"format\":\"utc-millisec\"},\"Content-Type\":{\"type\":\"string\"},\"Cw-Ion-Rollout-Enabled\":{\"type\":\"string\",\"format\":\"utc-millisec\"},\"Host\":{\"type\":\"string\"},\"Pragma\":{\"type\":\"string\"},\"User-Agent\":{\"type\":\"string\"},\"Via\":{\"type\":\"string\"},\"X-Akamai-Config-Log-Detail\":{\"type\":\"string\"},\"X-Forwarded-For\":{\"type\":\"string\",\"format\":\"style\"},\"X-Forwarded-Proto\":{\"type\":\"string\"},\"X-Forwarded-Protocol\":{\"type\":\"string\"},\"X-Real-Ip\":{\"type\":\"string\",\"format\":\"ip-address\"},\"X-Tt-Env\":{\"type\":\"string\"},\"X-Tt-Logid\":{\"type\":\"string\"},\"X-User-Geo\":{\"type\":\"string\"}}},\"method\":{\"type\":\"string\"},\"path\":{\"type\":\"string\",\"format\":\"uri\"},\"query\":{\"type\":\"object\",\"properties\":{\"appToken\":{\"type\":\"string\"},\"cc\":{\"type\":\"string\"},\"name\":{\"type\":\"string\"},\"recordID\":{\"type\":\"string\"},\"tableID\":{\"type\":\"string\"},\"timeTest\":{\"type\":\"string\"},\"to\":{\"type\":\"string\",\"format\":\"email\"}}}}}}"},{"id":"bitable-3","type":"normal","operation":{"connectorId":"7241926900765982725","connectorName":"bitable","connectorVersion":"2.0","operationId":"7241926901952937989","operationName":"Feishu_GetField"},"name":"List field","description":"","auth":{"key":"","parameters":null,"credentials":{"type":"cred","value":"XDWZOMdkk4nbD"}},"parameters":{"app_token":{"type":"string","value":"BNblbmNpLaA2MtsUbDmuDHBgs6c"},"table_id":{"type":"string","value":"tblbWQuGsnGjD8Gy"}},"errorHandler":{"default":{"config":[],"type":"failure"},"defaultStrategy":{"id":"bitable-3.error_handler.default","name":"","action":"terminate"},"strategies":[],"configs":[],"method":2}},{"id":"script-2","type":"normal","operation":{"connectorId":"7242231595057332229","connectorName":"script","connectorVersion":"1.3","operationId":"7242231595225071621","operationName":"execute_script"},"name":"Calculate field id","description":"","auth":{"key":"","parameters":null,"credentials":{"type":"cred","value":""}},"parameters":{"input":{"type":"object","value":{"items":{"value":{"node_tree":{"t":"json_path","path":"$.bitable-3.data.items"},"expression":"_(\"$.bitable-3.data.items\")"},"type":"spel"}}},"js_code":{"type":"string","value":"function handler(input) {\n  const found =\n    input.items.find(\n      (item) =\u003e\n        item.field_name ===\n        'attachment'\n    );\n  return found.field_id;\n}\n"}},"errorHandler":{"configs":[],"defaultStrategy":{"id":"script-2.error_handler.default","name":"","action":"retry","retryFallbackAction":"terminate"},"strategies":[],"method":1,"default":{"config":[10,20,30],"type":"retry"}}},{"id":"bitable-1","type":"normal","operation":{"connectorId":"7241926900765982725","connectorName":"bitable","connectorVersion":"2.0","operationId":"7241926901378334726","operationName":"Feishu_GetRecordInfo_Record"},"name":"Read record","description":"","auth":{"key":"","parameters":null,"credentials":{"type":"cred","value":"XDWZOMdkk4nbD"}},"parameters":{"app_token":{"type":"string","value":"BNblbmNpLaA2MtsUbDmuDHBgs6c"},"table_id":{"type":"string","value":"tblbWQuGsnGjD8Gy"},"record_id":{"type":"spel","value":{"node_tree":{"path":"$.webhook-trigger-1.query.recordID","t":"json_path"},"expression":"_(\"$.webhook-trigger-1.query.recordID\")"}},"user_id_type":{"type":"string","value":"open_id"}},"errorHandler":{"defaultStrategy":{"id":"bitable-1.error_handler.default","name":"","action":"terminate"},"strategies":[],"configs":[],"default":{"config":[],"type":"failure"},"method":2}},{"id":"variable-1","type":"normal","operation":{"connectorId":"7234033487534096389","connectorName":"variable","connectorVersion":"1.1","operationId":"7234033488075177990","operationName":"set_value"},"name":"Initialize attachment list","description":"","auth":{"key":"","parameters":null,"credentials":{"type":"cred","value":""}},"parameters":{"variables":{"type":"array","value":[{"type":"object","value":{"key":{"type":"string","value":"attachments"},"value":{"value":{"node_tree":{"t":"inline_list"},"expression":"{}"},"type":"spel"},"value_type":{"type":"string","value":"array"}}}]}},"errorHandler":{"strategies":[],"default":{"config":[],"type":"failure"},"method":2,"configs":[],"defaultStrategy":{"action":"terminate","id":"variable-1.error_handler.default","name":""}}},{"id":"loop-1","type":"loop_serial_parent","operation":{"connectorId":"loop","connectorName":"loop","connectorVersion":"0.0.1","operationId":"loop_serial","operationName":"Serial loop"},"name":"Traverse attachments","description":"","auth":{"key":"","parameters":null,"credentials":{"type":"cred","value":""}},"parameters":{"items":{"type":"spel","value":{"node_tree":{"t":"json_path","path":"$.bitable-1.data.record.fields.attachment"},"expression":"_(\"$.bitable-1.data.record.fields.attachment\")"}}}},{"id":"loop-1.default","type":"loop_serial_child","operation":{},"name":"","description":"","auth":{"key":"","parameters":null,"credentials":null},"parameters":null},{"id":"script-3","type":"normal","operation":{"connectorId":"7242231595057332229","connectorName":"script","connectorVersion":"1.3","operationId":"7242231595225071621","operationName":"execute_script"},"name":"Build extra","description":"","auth":{"key":"","parameters":null,"credentials":{"type":"cred","value":""}},"parameters":{"js_code":{"type":"string","value":"function handler(input) {\n  let records = {};\n  records[input.recordID] = [\n    input.fileToken,\n  ];\n  let attachments = {};\n  attachments[input.fieldID] =\n    records;\n  return encodeURIComponent(\n    JSON.stringify({\n      bitablePerm: {\n        tableId:\n          input.tableID,\n        attachments:\n          attachments,\n      },\n    })\n  );\n}\n"},"input":{"type":"object","value":{"recordID":{"type":"spel","value":{"expression":"_(\"$.bitable-1.data.record.record_id\")","node_tree":{"path":"$.bitable-1.data.record.record_id","t":"json_path"}}},"tableID":{"type":"spel","value":{"expression":"_(\"$.webhook-trigger-1.query\").get('tableID')","node_tree":{"method":"get","params":[{"path":"$.webhook-trigger-1.query","t":"json_path"},{"v":"\"tableID\"","t":"literal","vt":"string"}],"t":"engine_method"}}},"fieldID":{"value":{"expression":"_(\"$.script-2.result\")","node_tree":{"t":"json_path","path":"$.script-2.result"}},"type":"spel"},"fileToken":{"value":{"node_tree":{"params":[{"path":"$.loop-1.item","t":"json_path"},{"vt":"string","v":"\"file_token\"","t":"literal"}],"t":"engine_method","method":"get"},"expression":"_(\"$.loop-1.item\").get('file_token')"},"type":"spel"}}}},"errorHandler":{"defaultStrategy":{"action":"retry","retryFallbackAction":"terminate","id":"script-3.error_handler.default","name":""},"strategies":[],"default":{"config":[10,20,30],"type":"retry"},"configs":[],"method":1}},{"id":"drive-1","type":"normal","operation":{"connectorId":"7282593284667506694","connectorName":"drive","connectorVersion":"1.2","operationId":"7282593284940103685","operationName":"FeiShu_DownloadMedia_v3"},"name":"Read file","description":"","auth":{"key":"","parameters":null,"credentials":{"type":"cred","value":"XDWZOMdkk4nbD"}},"parameters":{"extra":{"type":"spel","value":{"expression":"_(\"$.script-3.result\")","node_tree":{"path":"$.script-3.result","t":"json_path"}}},"file_token":{"type":"spel","value":{"node_tree":{"method":"get","params":[{"path":"$.loop-1.item","t":"json_path"},{"v":"\"file_token\"","vt":"string","t":"literal"}],"t":"engine_method"},"expression":"_(\"$.loop-1.item\").get('file_token')"}}},"errorHandler":{"method":2,"defaultStrategy":{"action":"terminate","id":"drive-1.error_handler.default","name":""},"strategies":[],"configs":[],"default":{"type":"failure","config":[]}}},{"id":"file_helper-1","type":"normal","operation":{"connectorId":"7239623673919897605","connectorName":"file_helper","connectorVersion":"1.3","operationId":"7239623674217742341","operationName":"file_rename"},"name":"Rename file","description":"","auth":{"key":"","parameters":null,"credentials":{"type":"cred","value":""}},"parameters":{"file":{"type":"spel","value":{"expression":"_(\"$.drive-1.file\")","node_tree":{"path":"$.drive-1.file","t":"json_path"}}},"file_name":{"type":"spel","value":{"node_tree":{"method":"get","params":[{"path":"$.loop-1.item","t":"json_path"},{"t":"literal","v":"\"name\"","vt":"string"}],"t":"engine_method"},"expression":"_(\"$.loop-1.item\").get('name')"}}},"errorHandler":{"defaultStrategy":{"name":"","action":"terminate","id":"file_helper-1.error_handler.default"},"strategies":[],"method":2,"configs":[],"default":{"config":[],"type":"failure"}}},{"id":"variable-2","type":"normal","operation":{"connectorId":"7234033487534096389","connectorName":"variable","connectorVersion":"1.1","operationId":"7234033488037412869","operationName":"insert_value_in_list"},"name":"Add attachment","description":"","auth":{"key":"","parameters":null,"credentials":{"type":"cred","value":""}},"parameters":{"list":{"type":"array","value":[{"value":{"expression":"_(\"$.file_helper-1.file\")","node_tree":{"t":"json_path","path":"$.file_helper-1.file"}},"type":"spel"}]},"position":{"type":"string","value":"end_of_list"},"key":{"type":"string","value":"attachments"}},"errorHandler":{"defaultStrategy":{"id":"variable-2.error_handler.default","name":"","action":"terminate"},"strategies":[],"default":{"type":"failure","config":[]},"method":2,"configs":[]}},{"id":"script-1","type":"normal","operation":{"connectorId":"7215804708106010629","connectorName":"script","connectorVersion":"1.2","operationId":"7215804708286382085","operationName":"execute_script"},"name":"Process recipients","description":"","auth":{"key":"","parameters":null,"credentials":{"type":"cred","value":""}},"parameters":{"input":{"type":"array","value":[{"value":{"value":{"type":"spel","value":{"node_tree":{"params":[{"t":"json_path","path":"$.bitable-1.data.record.fields"},{"vt":"string","v":"\"Email\"","t":"literal"}],"t":"engine_method","method":"get"},"expression":"_(\"$.bitable-1.data.record.fields\").get('Email')"}},"name":{"type":"string","value":"Email"}},"type":"object"},{"value":{"name":{"value":"cc","type":"string"},"value":{"value":{"node_tree":{"t":"engine_method","method":"get","params":[{"t":"json_path","path":"$.bitable-1.data.record.fields"},{"v":"\"cc\"","t":"literal","vt":"string"}]},"expression":"_(\"$.bitable-1.data.record.fields\").get('cc')"},"type":"spel"}},"type":"object"}]},"js_code":{"type":"string","value":"function handler(input) {\n  var Email = [];\n  var cc = [];\n  if (input.Email) {\n    Email =\n      input.Email.split(',');\n  }\n  if (input.cc) {\n    cc = input.cc.split(',');\n  }\n  return {\n    Email: Email,\n    cc: cc,\n  };\n}\n"}},"errorHandler":{"defaultStrategy":{"id":"script-1.error_handler.default","name":"","action":"retry","retryFallbackAction":"terminate"},"strategies":[],"method":1,"configs":[],"default":{"config":[10,20,30],"type":"retry"}}},{"id":"script-5","type":"normal","operation":{"connectorId":"7242231595057332229","connectorName":"script","connectorVersion":"1.3","operationId":"7242231595225071621","operationName":"execute_script"},"name":"JS Mail","description":"","auth":{"key":"","parameters":null,"credentials":{"type":"cred","value":""}},"parameters":{"input":{"type":"object","value":{"timeTest":{"type":"spel","value":{"node_tree":{"t":"json_path","path":"$.webhook-trigger-1.query.timeTest"},"expression":"_(\"$.webhook-trigger-1.query.timeTest\")"}},"name":{"type":"spel","value":{"expression":"_(\"$.webhook-trigger-1.query.name\")","node_tree":{"path":"$.webhook-trigger-1.query.name","t":"json_path"}}}}},"js_code":{"type":"string","value":"function handler(input) {\n  //var name = ``;\n  //var position = ``;\n  //var place = ``;\n  //var company = ``;\n  //var onboarding = ``;\n\n  var output = `\n   \u003cp\u003eThân gửi \u003cstrong\u003e${input.name}\u003c/strong\u003e,\u003c/p\u003e\n\n   \u003cp\u003eTrước hết, Công ty xin trân trọng cảm ơn Bạn đã tham gia buổi phỏng vấn tuyển dụng của Công ty chúng tôi.\u003c/p\u003e\n    \n    \u003cp\u003eQua buổi đầu trao đổi chúng tôi cảm thấy rất hứng thú về những gì bạn chia sẻ và muốn tìm hiểu sâu thêm về kỹ năng chuyên môn của bạn. \u003c/p\u003e\n\n    \u003cp\u003eChúng tôi mời bạn tham gia bài \u003cb\u003eKiểm tra đánh giá\u003c/b\u003e đính kèm bên dưới.\u003c/p\u003e\n\n    \u003cp\u003eSau khi đã hoàn thành xong, Bạn vui lòng gửi lại bài đánh giá qua luồng mail này hoặc gửi qua email \u003ca href=\"mailto:anhnm@auragroup.vn\"\u003eanhnm@auragroup.vn\u003c/a\u003e với tiêu đề \u003cb\u003e\"BÀI TEST - Họ tên - Vị trí - Khu vực.\u003c/b\u003e\u003c/p\u003e\n\n  \u003cp\u003eHạn chót nộp bài là \u003cb\u003e${input.timeTest}\u003c/b\u003e kể từ khi nhận mail này,\u003c/p\u003e\n\n    \u003cp\u003eLiên hệ với Ms. Khánh Vy 0969903663 HOẶC Mr.Phú - 0909779540, nếu như có bất cứ thắc mắc gì. Chúc bạn hoàn thành bài đánh giá thật tốt.\u003c/p\u003e\n  \n    \u003cp\u003e\u003cstrong\u003eTrân trọng!\u003c/strong\u003e\u003c/p\u003e\n    \u003cp\u003e\u003cstrong style=\"color: red; font-family: 'Poppins', cursive; font-style: italic;\"\u003eThanks and Best Regards!\u003c/strong\u003e\u003c/p\u003e\n    \u003cp\u003e-------------------------------\u003c/p\u003e\n  \u003c/p\u003e\u003cimg width= \"150px\" src=\"https://live.staticflickr.com/65535/53159653463_4dbdf7487c_m.jpg\" alt=\"Logo Aura Beauty\"\u003e\u003c/p\u003e\n    \u003cp\u003e\u003cstrong\u003ePHÒNG TUYỂN DỤNG NHÂN SỰ AURA GROUP\u003c/strong\u003e\u003c/p\u003e\n    \u003cp\u003e\u003cb\u003eMs. Khánh Vy - Talent Acquisition Specialist\u003c/b\u003e\u003c/p\u003e\n    \u003cp\u003e\u003cstrong\u003eEmail:\u003c/strong\u003e \u003ca href=\"mailto:tuyendung@auragroup.vn\"\u003e tuyendung@auragroup.vn\u003c/a\u003e / \u003ca href=\"mailto:vy.lhk@auragroup.vn\"\u003evy.lhk@auragroup.vn\u003c/a\u003e\u003c/p\u003e\n    \u003cp\u003e\u003cstrong\u003eHotline:\u003c/strong\u003e 0969.903.663\u003c/p\u003e\n    \u003cp\u003e\u003cb\u003eHO: \u003c/b\u003e152/2 Thành Thái, Phường 12, Quận 10, TP. Hồ Chí Minh\u003c/p\u003e\n  `;\n\n  return output;\n}\n"}},"errorHandler":{"configs":[],"defaultStrategy":{"name":"","action":"retry","retryFallbackAction":"terminate","id":"script-5.error_handler.default"},"strategies":[],"method":1,"default":{"type":"retry","config":[10,20,30]}}},{"id":"mail_helper-1","type":"normal","operation":{"connectorId":"7239916549417467910","connectorName":"mail_helper","connectorVersion":"1.0","operationId":"7239916549635620870","operationName":"send_email"},"name":"Send email","description":"","auth":{"key":"","parameters":null,"credentials":{"type":"cred","value":"8qkAowjx9MPXG"}},"parameters":{"cc_recipients":{"type":"spel","value":{"node_tree":{"method":"get","params":[{"t":"json_path","path":"$.script-1.result"},{"v":"\"cc\"","vt":"string","t":"literal"}],"t":"engine_method"},"expression":"_(\"$.script-1.result\").get('cc')"}},"subject":{"type":"string","value":"[AURA] BÀI TEST KIỂM TRA KỸ NĂNG "},"content":{"type":"spel","value":{"expression":"_(\"$.script-5.result\")","node_tree":{"t":"json_path","path":"$.script-5.result"}}},"attachments":{"type":"spel","value":{"expression":"_(\"$.variable.attachments\")","node_tree":{"t":"flow_variable","path":"attachments"}}},"to_recipients":{"type":"spel","value":{"node_tree":{"t":"engine_method","method":"get","params":[{"t":"json_path","path":"$.script-1.result"},{"vt":"string","v":"\"Email\"","t":"literal"}]},"expression":"_(\"$.script-1.result\").get(\n'Email')"}}},"errorHandler":{"default":{"config":[],"type":"ignore"},"configs":[],"method":2,"defaultStrategy":{"id":"mail_helper-1.error_handler.default","name":"","action":"ignore"},"strategies":[]}}]}