{"name":"Production - Send invitation mail","version":"2.0","sourceType":"template","structure":[{"id":"webhook-trigger-1","type":"trigger","subSteps":null},{"id":"bitable-3","type":"normal","subSteps":null},{"id":"script-2","type":"normal","subSteps":null},{"id":"bitable-1","type":"normal","subSteps":null},{"id":"variable-1","type":"normal","subSteps":null},{"id":"loop-1","type":"loop_serial_parent","subSteps":[{"id":"loop-1.default","type":"loop_serial_child","subSteps":[{"id":"script-3","type":"normal","subSteps":null},{"id":"drive-1","type":"normal","subSteps":null},{"id":"file_helper-1","type":"normal","subSteps":null},{"id":"variable-2","type":"normal","subSteps":null}]}]},{"id":"script-1","type":"normal","subSteps":null},{"id":"script-5","type":"normal","subSteps":null},{"id":"mail_helper-1","type":"normal","subSteps":null}],"steps":[{"id":"webhook-trigger-1","type":"trigger","operation":{"connectorId":"7241846654284890117","connectorName":"webhook-trigger","connectorVersion":"1.4","operationId":"7241846654486249477","operationName":"webhook_trigger"},"name":"Base trigger","description":"","auth":{"key":"","parameters":null,"credentials":null},"parameters":{"webhook":{"type":"string","value":"https://open.larksuite.com/anycross/trigger/callback/ZjdiOWVkMjU2OWU4NmZmZWQyZDBjNzkyMzA2NTU0NWQw"},"authorization_config":{"type":"object","value":{"authorization_method":{"value":0,"type":"number"}}},"body_type":{"type":"string","value":"json"}},"dynamicSchema":"{\"manualOutputSchema\":{\"type\":\"object\",\"properties\":{\"body\":{\"type\":\"object\"},\"body_message\":{\"type\":\"string\"},\"content_length\":{\"type\":\"integer\"},\"headers\":{\"type\":\"object\",\"properties\":{\"Accept-Encoding\":{\"type\":\"string\"},\"Akamai-Origin-Hop\":{\"type\":\"string\",\"format\":\"utc-millisec\"},\"Cache-Control\":{\"type\":\"string\"},\"Content-Length\":{\"type\":\"string\",\"format\":\"utc-millisec\"},\"Content-Type\":{\"type\":\"string\"},\"Cw-Ion-Rollout-Enabled\":{\"type\":\"string\",\"format\":\"utc-millisec\"},\"Host\":{\"type\":\"string\"},\"Pragma\":{\"type\":\"string\"},\"User-Agent\":{\"type\":\"string\"},\"Via\":{\"type\":\"string\"},\"X-Akamai-Config-Log-Detail\":{\"type\":\"string\"},\"X-Forwarded-For\":{\"type\":\"string\",\"format\":\"style\"},\"X-Forwarded-Proto\":{\"type\":\"string\"},\"X-Forwarded-Protocol\":{\"type\":\"string\"},\"X-Real-Ip\":{\"type\":\"string\",\"format\":\"ip-address\"},\"X-Tt-Env\":{\"type\":\"string\"},\"X-Tt-Logid\":{\"type\":\"string\"},\"X-User-Geo\":{\"type\":\"string\"}}},\"method\":{\"type\":\"string\"},\"path\":{\"type\":\"string\",\"format\":\"uri\"},\"query\":{\"type\":\"object\",\"properties\":{\"appToken\":{\"type\":\"string\"},\"cc\":{\"type\":\"string\"},\"company\":{\"type\":\"string\"},\"name\":{\"type\":\"string\"},\"onboarding\":{\"type\":\"string\",\"format\":\"style\"},\"place\":{\"type\":\"string\"},\"position\":{\"type\":\"string\"},\"recordID\":{\"type\":\"string\"},\"tableID\":{\"type\":\"string\"},\"to\":{\"type\":\"string\",\"format\":\"email\"}}}}}}"},{"id":"bitable-3","type":"normal","operation":{"connectorId":"7241926900765982725","connectorName":"bitable","connectorVersion":"2.0","operationId":"7241926901952937989","operationName":"Feishu_GetField"},"name":"List field","description":"","auth":{"key":"","parameters":null,"credentials":{"type":"cred","value":"XDWZOMdkk4nbD"}},"parameters":{"app_token":{"type":"string","value":"BNblbmNpLaA2MtsUbDmuDHBgs6c"},"table_id":{"type":"string","value":"tblbWQuGsnGjD8Gy"}},"errorHandler":{"defaultStrategy":{"action":"terminate","id":"bitable-3.error_handler.default","name":""},"strategies":[],"configs":[],"method":2,"default":{"config":[],"type":"failure"}}},{"id":"script-2","type":"normal","operation":{"connectorId":"7242231595057332229","connectorName":"script","connectorVersion":"1.3","operationId":"7242231595225071621","operationName":"execute_script"},"name":"Calculate field id","description":"","auth":{"key":"","parameters":null,"credentials":{"type":"cred","value":""}},"parameters":{"input":{"type":"object","value":{"items":{"value":{"node_tree":{"path":"$.bitable-3.data.items","t":"json_path"},"expression":"_(\"$.bitable-3.data.items\")"},"type":"spel"}}},"js_code":{"type":"string","value":"function handler(input) {\n  const found =\n    input.items.find(\n      (item) =\u003e\n        item.field_name ===\n        'attachment'\n    );\n  return found.field_id;\n}\n"}},"errorHandler":{"default":{"type":"retry","config":[10,20,30]},"configs":[],"defaultStrategy":{"retryFallbackAction":"terminate","id":"script-2.error_handler.default","name":"","action":"retry"},"strategies":[],"method":1}},{"id":"bitable-1","type":"normal","operation":{"connectorId":"7241926900765982725","connectorName":"bitable","connectorVersion":"2.0","operationId":"7241926901378334726","operationName":"Feishu_GetRecordInfo_Record"},"name":"Read record","description":"","auth":{"key":"","parameters":null,"credentials":{"type":"cred","value":"XDWZOMdkk4nbD"}},"parameters":{"user_id_type":{"type":"string","value":"open_id"},"app_token":{"type":"string","value":"BNblbmNpLaA2MtsUbDmuDHBgs6c"},"table_id":{"type":"string","value":"tblbWQuGsnGjD8Gy"},"record_id":{"type":"spel","value":{"expression":"_(\"$.webhook-trigger-1.query.recordID\")","node_tree":{"t":"json_path","path":"$.webhook-trigger-1.query.recordID"}}}},"errorHandler":{"method":2,"configs":[],"defaultStrategy":{"name":"","action":"terminate","id":"bitable-1.error_handler.default"},"strategies":[],"default":{"type":"failure","config":[]}}},{"id":"variable-1","type":"normal","operation":{"connectorId":"7234033487534096389","connectorName":"variable","connectorVersion":"1.1","operationId":"7234033488075177990","operationName":"set_value"},"name":"Initialize attachment list","description":"","auth":{"key":"","parameters":null,"credentials":{"type":"cred","value":""}},"parameters":{"variables":{"type":"array","value":[{"type":"object","value":{"value_type":{"type":"string","value":"array"},"key":{"type":"string","value":"attachments"},"value":{"value":{"expression":"{}","node_tree":{"t":"inline_list"}},"type":"spel"}}}]}},"errorHandler":{"configs":[],"default":{"type":"failure","config":[]},"defaultStrategy":{"action":"terminate","id":"variable-1.error_handler.default","name":""},"strategies":[],"method":2}},{"id":"loop-1","type":"loop_serial_parent","operation":{"connectorId":"loop","connectorName":"loop","connectorVersion":"0.0.1","operationId":"loop_serial","operationName":"Serial loop"},"name":"Traverse attachments","description":"","auth":{"key":"","parameters":null,"credentials":{"type":"cred","value":""}},"parameters":{"items":{"type":"spel","value":{"expression":"_(\"$.bitable-1.data.record.fields.attachment\")","node_tree":{"t":"json_path","path":"$.bitable-1.data.record.fields.attachment"}}}}},{"id":"loop-1.default","type":"loop_serial_child","operation":{},"name":"","description":"","auth":{"key":"","parameters":null,"credentials":null},"parameters":null},{"id":"script-3","type":"normal","operation":{"connectorId":"7242231595057332229","connectorName":"script","connectorVersion":"1.3","operationId":"7242231595225071621","operationName":"execute_script"},"name":"Build extra","description":"","auth":{"key":"","parameters":null,"credentials":{"type":"cred","value":""}},"parameters":{"js_code":{"type":"string","value":"function handler(input) {\n  let records = {};\n  records[input.recordID] = [\n    input.fileToken,\n  ];\n  let attachments = {};\n  attachments[input.fieldID] =\n    records;\n  return encodeURIComponent(\n    JSON.stringify({\n      bitablePerm: {\n        tableId:\n          input.tableID,\n        attachments:\n          attachments,\n      },\n    })\n  );\n}\n"},"input":{"type":"object","value":{"recordID":{"value":{"expression":"_(\"$.bitable-1.data.record.record_id\")","node_tree":{"path":"$.bitable-1.data.record.record_id","t":"json_path"}},"type":"spel"},"tableID":{"value":{"node_tree":{"method":"get","params":[{"t":"json_path","path":"$.webhook-trigger-1.query"},{"v":"\"tableID\"","t":"literal","vt":"string"}],"t":"engine_method"},"expression":"_(\"$.webhook-trigger-1.query\").get('tableID')"},"type":"spel"},"fieldID":{"type":"spel","value":{"node_tree":{"t":"json_path","path":"$.script-2.result"},"expression":"_(\"$.script-2.result\")"}},"fileToken":{"type":"spel","value":{"expression":"_(\"$.loop-1.item\").get('file_token')","node_tree":{"t":"engine_method","method":"get","params":[{"t":"json_path","path":"$.loop-1.item"},{"t":"literal","vt":"string","v":"\"file_token\""}]}}}}}},"errorHandler":{"method":1,"defaultStrategy":{"action":"retry","retryFallbackAction":"terminate","id":"script-3.error_handler.default","name":""},"strategies":[],"default":{"config":[10,20,30],"type":"retry"},"configs":[]}},{"id":"drive-1","type":"normal","operation":{"connectorId":"7282593284667506694","connectorName":"drive","connectorVersion":"1.2","operationId":"7282593284940103685","operationName":"FeiShu_DownloadMedia_v3"},"name":"Read file","description":"","auth":{"key":"","parameters":null,"credentials":{"type":"cred","value":"XDWZOMdkk4nbD"}},"parameters":{"extra":{"type":"spel","value":{"expression":"_(\"$.script-3.result\")","node_tree":{"t":"json_path","path":"$.script-3.result"}}},"file_token":{"type":"spel","value":{"expression":"_(\"$.loop-1.item\").get('file_token')","node_tree":{"method":"get","params":[{"path":"$.loop-1.item","t":"json_path"},{"t":"literal","v":"\"file_token\"","vt":"string"}],"t":"engine_method"}}}},"errorHandler":{"method":2,"configs":[],"defaultStrategy":{"id":"drive-1.error_handler.default","name":"","action":"terminate"},"strategies":[],"default":{"type":"failure","config":[]}}},{"id":"file_helper-1","type":"normal","operation":{"connectorId":"7239623673919897605","connectorName":"file_helper","connectorVersion":"1.3","operationId":"7239623674217742341","operationName":"file_rename"},"name":"Rename file","description":"","auth":{"key":"","parameters":null,"credentials":{"type":"cred","value":""}},"parameters":{"file":{"type":"spel","value":{"node_tree":{"t":"json_path","path":"$.drive-1.file"},"expression":"_(\"$.drive-1.file\")"}},"file_name":{"type":"spel","value":{"expression":"_(\"$.loop-1.item\").get('name')","node_tree":{"method":"get","params":[{"path":"$.loop-1.item","t":"json_path"},{"v":"\"name\"","vt":"string","t":"literal"}],"t":"engine_method"}}}},"errorHandler":{"configs":[],"defaultStrategy":{"id":"file_helper-1.error_handler.default","name":"","action":"terminate"},"strategies":[],"default":{"type":"failure","config":[]},"method":2}},{"id":"variable-2","type":"normal","operation":{"connectorId":"7234033487534096389","connectorName":"variable","connectorVersion":"1.1","operationId":"7234033488037412869","operationName":"insert_value_in_list"},"name":"Add attachment","description":"","auth":{"key":"","parameters":null,"credentials":{"type":"cred","value":""}},"parameters":{"key":{"type":"string","value":"attachments"},"list":{"type":"array","value":[{"value":{"expression":"_(\"$.file_helper-1.file\")","node_tree":{"t":"json_path","path":"$.file_helper-1.file"}},"type":"spel"}]},"position":{"type":"string","value":"end_of_list"}},"errorHandler":{"defaultStrategy":{"action":"terminate","id":"variable-2.error_handler.default","name":""},"strategies":[],"method":2,"configs":[],"default":{"type":"failure","config":[]}}},{"id":"script-1","type":"normal","operation":{"connectorId":"7215804708106010629","connectorName":"script","connectorVersion":"1.2","operationId":"7215804708286382085","operationName":"execute_script"},"name":"Process recipients","description":"","auth":{"key":"","parameters":null,"credentials":{"type":"cred","value":""}},"parameters":{"js_code":{"type":"string","value":"function handler(input) {\n  var Email = [];\n  var cc = [];\n  if (input.Email) {\n    Email =\n      input.Email.split(',');\n  }\n  if (input.cc) {\n    cc = input.cc.split(',');\n  }\n  return {\n    Email: Email,\n    cc: cc,\n  };\n}\n"},"input":{"type":"array","value":[{"value":{"value":{"value":{"expression":"_(\"$.bitable-1.data.record.fields\").get('Email')","node_tree":{"params":[{"t":"json_path","path":"$.bitable-1.data.record.fields"},{"v":"\"Email\"","t":"literal","vt":"string"}],"t":"engine_method","method":"get"}},"type":"spel"},"name":{"value":"Email","type":"string"}},"type":"object"},{"value":{"name":{"type":"string","value":"cc"},"value":{"value":{"node_tree":{"method":"get","params":[{"path":"$.bitable-1.data.record.fields","t":"json_path"},{"v":"\"cc\"","t":"literal","vt":"string"}],"t":"engine_method"},"expression":"_(\"$.bitable-1.data.record.fields\").get('cc')"},"type":"spel"}},"type":"object"}]}},"errorHandler":{"defaultStrategy":{"name":"","action":"retry","retryFallbackAction":"terminate","id":"script-1.error_handler.default"},"strategies":[],"default":{"type":"retry","config":[10,20,30]},"method":1,"configs":[]}},{"id":"script-5","type":"normal","operation":{"connectorId":"7242231595057332229","connectorName":"script","connectorVersion":"1.3","operationId":"7242231595225071621","operationName":"execute_script"},"name":"JS Mail","description":"","auth":{"key":"","parameters":null,"credentials":{"type":"cred","value":""}},"parameters":{"input":{"type":"object","value":{"onboarding":{"type":"spel","value":{"node_tree":{"path":"$.webhook-trigger-1.query.onboarding","t":"json_path"},"expression":"_(\"$.webhook-trigger-1.query.onboarding\")"}},"place":{"value":{"expression":"_(\"$.webhook-trigger-1.query.place\")","node_tree":{"path":"$.webhook-trigger-1.query.place","t":"json_path"}},"type":"spel"},"position":{"value":{"expression":"_(\"$.webhook-trigger-1.query.position\")","node_tree":{"t":"json_path","path":"$.webhook-trigger-1.query.position"}},"type":"spel"},"name":{"type":"spel","value":{"node_tree":{"path":"$.webhook-trigger-1.query.name","t":"json_path"},"expression":"_(\"$.webhook-trigger-1.query.name\")"}},"company":{"value":{"node_tree":{"path":"$.webhook-trigger-1.query.company","t":"json_path"},"expression":"_(\"$.webhook-trigger-1.query.company\")"},"type":"spel"}}},"js_code":{"type":"string","value":"function handler(input) {\n  //var name = ``;\n  //var position = ``;\n  //var place = ``;\n  //var company = ``;\n  //var onboarding = ``;\n\n  var output = `\n  \u003cp\u003eBạn \u003cb\u003e${input.name}\u003c/b\u003e thân mến,\u003c/p\u003e\n  \u003cp\u003eLời đầu tiên, chúng tôi xin chúc mừng bạn đã đậu phỏng vấn vị trí \u003cb\u003e${input.position}\u003c/b\u003e tại \u003cstrong\u003e${input.company}\u003c/strong\u003e. Công ty vô cùng cảm ơn vì bạn đã quan tâm và dành thời gian ứng tuyển. Thông qua buổi phỏng vấn cũng như trao đổi, chúng tôi đánh giá cao kinh nghiệm và kỹ năng của bạn.\u003c/p\u003e\n    \n    \u003cp\u003eVì vậy, chúng tôi xin trân trọng mời bạn gia nhập vào đội ngũ \u003cstrong\u003e${input.company}\u003c/strong\u003e với vị trí \u003cstrong\u003e${input.position}\u003c/strong\u003e.\u003c/p\u003e\n\n    \u003cp\u003eBạn vui lòng bắt đầu đến nhận việc vào \u003cstrong\u003e${input.onboarding}\u003c/strong\u003e, tại \u003cstrong\u003e${input.place}\u003c/strong\u003e.\u003c/p\u003e\n\n     \u003cp\u003eChúng tôi đã đính kèm bản \u003cstrong\u003eThư mời nhận việc\u003c/strong\u003e để bạn tham khảo kỹ trước khi bắt đầu công việc.\u003c/p\u003e\n        \n    \u003cp\u003eKhi nhận được email này, bạn vui lòng gửi mail xác nhận lại cho chúng tôi. Liên hệ với \u003cstrong\u003eMs. Khánh Vy - 0969903663 HOẶC Mr. Phú - 0909779540\u003c/strong\u003e, nếu như có bất cứ thắc mắc gì. Chúng tôi rất mong đợi được đón tiếp bạn như một thành viên của đội ngũ. Xin chân thành cảm ơn bạn.\u003c/p\u003e\n \n    \u003cp\u003e\u003cstrong\u003eTrân trọng!\u003c/strong\u003e\u003c/p\u003e\n    \u003cp\u003e\u003cstrong style=\"color: red; font-family: 'Poppins', cursive; font-style: italic;\"\u003eThanks and Best Regards!\u003c/strong\u003e\u003c/p\u003e\n    \u003cp\u003e-------------------------------\u003c/p\u003e\n  \u003c/p\u003e\u003cimg width= \"150px\" src=\"https://live.staticflickr.com/65535/53159653463_4dbdf7487c_m.jpg\" alt=\"Logo Aura Beauty\"\u003e\u003c/p\u003e\n    \u003cp\u003e\u003cstrong\u003ePHÒNG TUYỂN DỤNG NHÂN SỰ AURA GROUP\u003c/strong\u003e\u003c/p\u003e\n    \u003cp\u003e\u003cb\u003eMs. Khánh Vy - Talent Acquisition Specialist\u003c/b\u003e\u003c/p\u003e\n    \u003cp\u003e\u003cstrong\u003eEmail:\u003c/strong\u003e \u003ca href=\"mailto:tuyendung@auragroup.vn\"\u003e tuyendung@auragroup.vn\u003c/a\u003e / \u003ca href=\"mailto:vy.lhk@auragroup.vn\"\u003evy.lhk@auragroup.vn\u003c/a\u003e\u003c/p\u003e\n    \u003cp\u003e\u003cstrong\u003eHotline:\u003c/strong\u003e 0969.903.663\u003c/p\u003e\n    \u003cp\u003e\u003cb\u003eHO: \u003c/b\u003e152/2 Thành Thái, Phường 12, Quận 10, TP. Hồ Chí Minh\u003c/p\u003e\n  `;\n\n  return output;\n}\n"}},"errorHandler":{"strategies":[],"method":1,"default":{"config":[10,20,30],"type":"retry"},"configs":[],"defaultStrategy":{"retryFallbackAction":"terminate","id":"script-5.error_handler.default","name":"","action":"retry"}}},{"id":"mail_helper-1","type":"normal","operation":{"connectorId":"7239916549417467910","connectorName":"mail_helper","connectorVersion":"1.0","operationId":"7239916549635620870","operationName":"send_email"},"name":"Send email","description":"","auth":{"key":"","parameters":null,"credentials":{"type":"cred","value":"8qkAowjx9MPXG"}},"parameters":{"attachments":{"type":"spel","value":{"expression":"_(\"$.variable.attachments\")","node_tree":{"path":"attachments","t":"flow_variable"}}},"to_recipients":{"type":"spel","value":{"node_tree":{"t":"engine_method","method":"get","params":[{"t":"json_path","path":"$.script-1.result"},{"vt":"string","v":"\"Email\"","t":"literal"}]},"expression":"_(\"$.script-1.result\").get(\n'Email')"}},"cc_recipients":{"type":"spel","value":{"node_tree":{"params":[{"t":"json_path","path":"$.script-1.result"},{"t":"literal","v":"\"cc\"","vt":"string"}],"t":"engine_method","method":"get"},"expression":"_(\"$.script-1.result\").get('cc')"}},"subject":{"type":"string","value":"[AURA] THƯ MỜI NHẬN VIỆC"},"content":{"type":"spel","value":{"expression":"_(\"$.script-5.result\")","node_tree":{"t":"json_path","path":"$.script-5.result"}}}},"errorHandler":{"method":2,"defaultStrategy":{"id":"mail_helper-1.error_handler.default","name":"","action":"ignore"},"strategies":[],"default":{"type":"ignore","config":[]},"configs":[]}}]}