{"name":"Sync Airtable data into Base automatically","version":"2.0","sourceType":"template","flowID":7432223793742905350,"projectID":7294621328663904261,"structure":[{"id":"cronjob_trigger-1","type":"trigger","subSteps":null},{"id":"variable-2","type":"normal","subSteps":null},{"id":"airtable-1","type":"normal","subSteps":null},{"id":"script-5","type":"normal","subSteps":null},{"id":"bitable-1","type":"normal","subSteps":null},{"id":"script-1","type":"normal","subSteps":null},{"id":"branch-3","type":"branch_parallel_parent","subSteps":[{"id":"branch-3.child-2","type":"branch_parallel_child","subSteps":[{"id":"loop-1","type":"loop_serial_parent","subSteps":[{"id":"loop-1.default","type":"loop_serial_child","subSteps":[{"id":"bitable-2","type":"normal","subSteps":null}]}]}]},{"id":"branch-3.child-3","type":"branch_parallel_child","subSteps":[{"id":"loop-2","type":"loop_serial_parent","subSteps":[{"id":"loop-2.default","type":"loop_serial_child","subSteps":[{"id":"bitable-3","type":"normal","subSteps":null}]}]}]},{"id":"branch-3.child-4","type":"branch_parallel_child","subSteps":[{"id":"loop-3","type":"loop_serial_parent","subSteps":[{"id":"loop-3.default","type":"loop_serial_child","subSteps":[{"id":"bitable-4","type":"normal","subSteps":null}]}]}]},{"id":"branch-3.default","type":"branch_parallel_child","subSteps":null}]},{"id":"bitable-6","type":"normal","subSteps":null},{"id":"variable-3","type":"normal","subSteps":null},{"id":"while-1","type":"while_parent","subSteps":[{"id":"while-1.default","type":"while_child","subSteps":[{"id":"airtable-2","type":"normal","subSteps":null},{"id":"script-2","type":"normal","subSteps":null},{"id":"branch-4","type":"branch_exclusive_parent","subSteps":[{"id":"branch-4.child-2","type":"branch_exclusive_child","subSteps":[{"id":"variable-4","type":"normal","subSteps":null}]},{"id":"branch-4.default","type":"branch_exclusive_child","subSteps":null}]},{"id":"variable-5","type":"normal","subSteps":null},{"id":"loop-4","type":"loop_parallel_parent","subSteps":[{"id":"loop-4.default","type":"loop_parallel_child","subSteps":[{"id":"bitable-5","type":"normal","subSteps":null},{"id":"script-3","type":"normal","subSteps":null},{"id":"variable-6","type":"normal","subSteps":null}]}]},{"id":"script-4","type":"normal","subSteps":null},{"id":"variable-13","type":"normal","subSteps":null},{"id":"branch-5","type":"branch_exclusive_parent","subSteps":[{"id":"branch-5.child-2","type":"branch_exclusive_child","subSteps":[{"id":"variable-11","type":"normal","subSteps":null},{"id":"loop-8","type":"loop_serial_parent","subSteps":[{"id":"loop-8.default","type":"loop_serial_child","subSteps":[{"id":"variable-12","type":"normal","subSteps":null},{"id":"loop-9","type":"loop_serial_parent","subSteps":[{"id":"loop-9.default","type":"loop_serial_child","subSteps":[{"id":"file_helper-2","type":"normal","subSteps":null},{"id":"drive-1","type":"normal","subSteps":null},{"id":"list_helper-2","type":"normal","subSteps":null},{"id":"variable-15","type":"normal","subSteps":null}]}]},{"id":"object_helper-1","type":"normal","subSteps":null},{"id":"list_helper-3","type":"normal","subSteps":null},{"id":"variable-16","type":"normal","subSteps":null}]}]},{"id":"variable-14","type":"normal","subSteps":null}]},{"id":"branch-5.default","type":"branch_exclusive_child","subSteps":null}]},{"id":"script-10","type":"normal","subSteps":null},{"id":"branch-6","type":"branch_parallel_parent","subSteps":[{"id":"branch-6.child-2","type":"branch_parallel_child","subSteps":[{"id":"branch-7","type":"branch_exclusive_parent","subSteps":[{"id":"branch-7.child-2","type":"branch_exclusive_child","subSteps":[{"id":"bitable-7","type":"normal","subSteps":null}]},{"id":"branch-7.default","type":"branch_exclusive_child","subSteps":null}]}]},{"id":"branch-6.child-3","type":"branch_parallel_child","subSteps":[{"id":"branch-8","type":"branch_exclusive_parent","subSteps":[{"id":"branch-8.child-2","type":"branch_exclusive_child","subSteps":[{"id":"bitable-8","type":"normal","subSteps":null}]},{"id":"branch-8.default","type":"branch_exclusive_child","subSteps":null}]}]},{"id":"branch-6.default","type":"branch_parallel_child","subSteps":null}]}]}]},{"id":"variable-17","type":"normal","subSteps":null},{"id":"while-2","type":"while_parent","subSteps":[{"id":"while-2.default","type":"while_child","subSteps":[{"id":"bitable-9","type":"normal","subSteps":null},{"id":"script-11","type":"normal","subSteps":null},{"id":"variable-18","type":"normal","subSteps":null},{"id":"branch-9","type":"branch_exclusive_parent","subSteps":[{"id":"branch-9.child-2","type":"branch_exclusive_child","subSteps":[{"id":"bitable-10","type":"normal","subSteps":null}]},{"id":"branch-9.default","type":"branch_exclusive_child","subSteps":null}]}]}]}],"steps":[{"id":"cronjob_trigger-1","type":"trigger","operation":{"connectorId":"7223328446464688134","connectorName":"cronjob_trigger","connectorVersion":"1.5","operationId":"7223328446682824709","operationName":"daily_cronjob_trigger"},"name":"Scheduled task","description":"","auth":{"key":"","parameters":null,"credentials":null},"parameters":{"cronjob":{"type":"object","value":{"trigger_type":{"value":"DAY_TRIGGER","type":"string"},"timezone":{"value":"Asia/Shanghai","type":"string"},"effective_period":{"value":"default","type":"string"},"execute_time":{"value":"12:00:00","type":"string"}}}}},{"id":"variable-2","type":"normal","operation":{"connectorId":"7306348980667940869","connectorName":"variable","connectorVersion":"1.2","operationId":"7306348980697300997","operationName":"set_value"},"name":"Set variable","description":"","auth":{"key":"","parameters":null,"credentials":null},"parameters":{"variables":{"type":"array","value":[{"type":"object","value":{"key":{"value":"airtableBaseId","type":"string"},"value":{"value":"","type":"string"},"value_type":{"type":"string","value":"string"}}},{"type":"object","value":{"value_type":{"value":"string","type":"string"},"key":{"type":"string","value":"airtableTableId"}}},{"value":{"value_type":{"value":"string","type":"string"},"key":{"type":"string","value":"baseAppToken"}},"type":"object"},{"value":{"key":{"value":"baseTableId","type":"string"},"value_type":{"value":"string","type":"string"}},"type":"object"}]}},"errorHandler":{"defaultStrategy":{"id":"variable-2.error_handler.default","name":"","action":"terminate"}}},{"id":"airtable-1","type":"normal","operation":{"connectorId":"7339736253631299589","connectorName":"airtable","connectorVersion":"1.0","operationId":"7339736253690068997","operationName":"get_base_schema"},"name":"Get base schema","description":"","auth":{"key":"","parameters":null,"credentials":null},"parameters":{"include":{"type":"array","value":[]},"baseId":{"type":"spel","value":{"node_tree":{"path":"airtableBaseId","t":"flow_variable"},"expression":"_(\"$.variable.airtableBaseId\")"}}},"errorHandler":{"defaultStrategy":{"id":"airtable-1.error_handler.default","name":"","action":"terminate"}}},{"id":"script-5","type":"normal","operation":{"connectorId":"7296760306577965062","connectorName":"script","connectorVersion":"2.0","operationId":"7296760306603212805","operationName":"execute_script"},"name":"Processing returned data","description":"","auth":{"key":"","parameters":null,"credentials":null},"parameters":{"js_code":{"type":"string","value":"function handler(input) {\n  const {\n    tables = [],\n    airtable_table_id,\n  } = input;\n  const res = tables.find(\n    (item) =\u003e\n      item.id ===\n      airtable_table_id\n  );\n\n  if (!res) {\n    throw new Error(\n      'Invalid table_id'\n    );\n  }\n\n  const { primaryFieldId } =\n    res;\n  const primaryKey =\n    res.fields.find(\n      (item) =\u003e\n        item.id ===\n        primaryFieldId\n    );\n\n  return {\n    fields: res.fields,\n    primaryKey:\n      primaryKey.name,\n  };\n}\n"},"input":{"type":"object","value":{"airtable_table_id":{"value":{"node_tree":{"path":"airtableTableId","t":"flow_variable"},"expression":"_(\"$.variable.airtableTableId\")"},"type":"spel"},"tables":{"type":"spel","value":{"expression":"_(\"$.airtable-1.tables\")","node_tree":{"t":"json_path","path":"$.airtable-1.tables"}}}}}},"errorHandler":{"defaultStrategy":{"name":"","action":"retry","retryFallbackAction":"terminate","id":"script-5.error_handler.default"}}},{"id":"bitable-1","type":"normal","operation":{"connectorId":"7341293592146706438","connectorName":"bitable","connectorVersion":"2.4","operationId":"7341293592293425158"},"name":"Query column properties in Lark Base","description":"","auth":{"key":"","parameters":null,"credentials":null},"parameters":{"app_token":{"type":"spel","value":{"expression":"_(\"$.variable.baseAppToken\")","node_tree":{"path":"baseAppToken","t":"flow_variable"}}},"table_id":{"type":"spel","value":{"expression":"_(\"$.variable.baseTableId\")","node_tree":{"t":"flow_variable","path":"baseTableId"}}}},"errorHandler":{"strategies":[],"defaultStrategy":{"retryFallbackAction":"terminate","action":"retry","id":"bitable-1.error_handler.default","name":""}}},{"id":"script-1","type":"normal","operation":{"connectorId":"7296760306577965062","connectorName":"script","connectorVersion":"2.0","operationId":"7296760306603212805","operationName":"execute_script"},"name":"Get add, update, delete list","description":"","auth":{"key":"","parameters":null,"credentials":null},"parameters":{"input":{"type":"object","value":{"base_table_fields":{"type":"spel","value":{"node_tree":{"t":"json_path","path":"$.bitable-1.data.items"},"expression":"_(\"$.bitable-1.data.items\")"}},"primary_key":{"type":"spel","value":{"node_tree":{"path":"$.script-5.result.primaryKey","t":"json_path"},"expression":"_(\"$.script-5.result.primaryKey\")"}},"airtable_fields":{"value":{"node_tree":{"path":"$.script-5.result.fields","t":"json_path"},"expression":"_(\"$.script-5.result.fields\")"},"type":"spel"}}},"js_code":{"type":"string","value":"function handler({\n  base_table_fields = [],\n  airtable_fields = [],\n  primary_key,\n}) {\n  const typeMapping = {\n    singleLineText: 1,\n    multilineText: 1,\n    singleCollaborator: 1,\n    multipleCollaborators: 1,\n    singleSelect: 3,\n    multipleSelects: 4,\n    multipleAttachments: 17,\n    checkbox: 7,\n    //   date: 5,\n    date: 1, //日期降级文本\n    phoneNumber: 13,\n    email: 1,\n    url: 15,\n    number: 2,\n    currency: 2,\n    percent: 2,\n    duration: 1, //降级文本, 暂时不支持\n    rating: 2,\n    createdTime: 1, //降级\n    lastModifiedTime: 1, //降级\n    createdBy: 1,\n    lastModifiedBy: 1,\n    autoNumber: 2,\n    barcode: 1,\n  };\n\n  //创建一个base 字段\n  const createBaseField = (\n    source,\n    target = {}\n  ) =\u003e {\n    switch (source.type) {\n      case 'singleLineText':\n      case 'multilineText':\n      case 'singleCollaborator':\n      case 'multipleAttachments':\n      case 'date':\n      case 'url':\n      case 'number':\n      case 'currency':\n      case 'phoneNumber':\n      case 'date':\n      case 'rating':\n      case 'autoNumber':\n      case 'createdTime':\n      case 'lastModifiedTime':\n      case 'createdBy':\n      case 'lastModifiedBy':\n      case 'barcode':\n      case 'checkbox': {\n        return {\n          ...target,\n          type: typeMapping[\n            source.type\n          ],\n          field_name:\n            source.name,\n          property: undefined,\n        };\n      }\n      case 'percent': {\n        return {\n          ...target,\n          type: typeMapping[\n            source.type\n          ],\n          field_name:\n            source.name,\n          property: {\n            formatter: '0.00',\n          },\n        };\n      }\n      case 'email': {\n        return {\n          ...target,\n          type: typeMapping[\n            source.type\n          ],\n          field_name:\n            source.name,\n          ui_type: 'email',\n        };\n      }\n      case 'duration': {\n        return {\n          ...target,\n          type: typeMapping[\n            source.type\n          ],\n          field_name:\n            source.name,\n        };\n      }\n\n      case 'rating': {\n        return {\n          ...target,\n          ui_type: 'Rating',\n          is_primary: false,\n          property: {\n            formatter: '0',\n            min: 1,\n            max: source\n              .options.max,\n            rating: {\n              symbol:\n                source.options\n                  .icon,\n            },\n          },\n        };\n      }\n      case 'singleSelect':\n      case 'multipleSelects': {\n        const {\n          choices = [],\n        } =\n          source.options ??\n          {};\n        let { options = [] } =\n          target?.property ??\n          {};\n\n        const addList =\n          choices\n            .filter(\n              (item) =\u003e {\n                return (\n                  options.findIndex(\n                    (\n                      option\n                    ) =\u003e {\n                      return (\n                        option.name ===\n                        item.name\n                      );\n                    }\n                  ) === -1\n                );\n              }\n            )\n            .map(\n              ({ name }) =\u003e {\n                return {\n                  name,\n                };\n              }\n            );\n\n        options =\n          options.filter(\n            (option) =\u003e {\n              return (\n                choices.findIndex(\n                  (item) =\u003e {\n                    return (\n                      item.name ===\n                      option.name\n                    );\n                  }\n                ) !== -1\n              );\n            }\n          );\n\n        return {\n          ...target,\n          type: typeMapping[\n            source.type\n          ],\n          field_name:\n            source.name,\n          property: {\n            options: [\n              ...options,\n              ...addList,\n            ],\n          },\n        };\n      }\n      default: {\n        return {\n          ...target,\n          type: 1,\n          field_name:\n            source.name,\n          property: {},\n        };\n      }\n    }\n  };\n\n  //diff 字段变更\n  const diffField = (\n    source,\n    target\n  ) =\u003e {\n    return (\n      source.name !==\n        target.field_name ||\n      (typeMapping[\n        source.type\n      ] ?? 1) !== target.type\n    );\n  };\n\n  const result = {\n    typeMapping,\n    deleteTasks: [],\n    addTasks: [],\n    updateTasks: [],\n  };\n\n  for (let field of airtable_fields) {\n    const baseField =\n      base_table_fields.find(\n        (item) =\u003e\n          item.field_name ===\n          field.name\n      );\n    //处理主键\n    if (\n      field.name ===\n      primary_key\n    ) {\n      const primaryField =\n        base_table_fields.find(\n          (item) =\u003e\n            item.is_primary\n        );\n      const isChange =\n        diffField(\n          field,\n          primaryField\n        );\n      if (\n        primaryField \u0026\u0026\n        isChange\n      ) {\n        result.updateTasks.push(\n          createBaseField(\n            field,\n            primaryField\n          )\n        );\n      }\n\n      //如果是已有字段更新为主键需要先删除原有的字段\n      if (\n        baseField \u0026\u0026\n        baseField.field_name !==\n          primaryField.field_name\n      ) {\n        result.deleteTasks.push(\n          baseField\n        );\n      }\n      continue;\n    }\n\n    //in base\n    const supportedType =\n      Object.keys(\n        typeMapping\n      );\n    if (baseField) {\n      //类型变更为不支持的类型\n      if (\n        !supportedType.includes(\n          field.type\n        )\n      ) {\n        result.deleteTasks.push(\n          baseField\n        );\n        continue;\n      }\n      if (\n        diffField(\n          field,\n          baseField\n        )\n      ) {\n        result.updateTasks.push(\n          createBaseField(\n            field,\n            baseField\n          )\n        );\n      }\n    } else {\n      if (\n        !supportedType.includes(\n          field.type\n        )\n      ) {\n        continue;\n      }\n\n      result.addTasks.push(\n        createBaseField(field)\n      );\n    }\n  }\n\n  //判断External Record ID 是否需要处理\n  const associationField =\n    base_table_fields.find(\n      (item) =\u003e\n        item.field_name ===\n        'External Record ID'\n    );\n  if (!associationField) {\n    const newField = {\n      name: 'External Record ID',\n      type: 'singleLineText',\n    };\n    result.addTasks.push(\n      createBaseField(\n        newField\n      )\n    );\n  } else {\n    const newField = {\n      name: 'External Record ID',\n      type: 'singleLineText',\n    };\n\n    if (\n      diffField(\n        newField,\n        associationField\n      )\n    ) {\n      result.updateTasks.push(\n        createBaseField(\n          newField,\n          associationField\n        )\n      );\n    }\n  }\n\n  for (let field of base_table_fields) {\n    //in airtable\n    const airtableField =\n      airtable_fields.find(\n        (item) =\u003e\n          item.name ===\n          field.field_name\n      );\n\n    if (\n      !airtableField \u0026\u0026\n      !field.is_primary \u0026\u0026\n      field.field_name !==\n        'External Record ID'\n    ) {\n      result.deleteTasks.push(\n        field\n      );\n    }\n  }\n\n  return result;\n}\n"}},"errorHandler":{"defaultStrategy":{"action":"retry","retryFallbackAction":"terminate","id":"script-1.error_handler.default","name":""}}},{"id":"branch-3","type":"branch_parallel_parent","operation":{"connectorId":"branch","connectorName":"branch","connectorVersion":"0.0.1","operationId":"branch_parallel","operationName":"Parallel branch"},"name":"Synchronization column","description":"","auth":{"key":"","parameters":null,"credentials":{"type":"cred","value":""}},"parameters":{"branches":{"type":"object","value":{"branch-3.child-4":{"type":"object","value":{"operator":{"type":"string","value":"and"},"conditions":{"type":"array","value":[{"operator":{"type":"string","value":"equals"},"comparison":{"value":{"right":{"value":"3","type":"string"},"left":{"type":"string","value":"3"}},"type":"object"}}]},"label":{"value":"Update","type":"string"}}},"branch-3.child-2":{"type":"object","value":{"conditions":{"value":[{"comparison":{"type":"object","value":{"left":{"type":"string","value":"1"},"right":{"value":"1","type":"string"}}},"operator":{"type":"string","value":"equals"}}],"type":"array"},"label":{"type":"string","value":"Delete"},"operator":{"value":"and","type":"string"}}},"branch-3.child-3":{"value":{"label":{"value":"Add","type":"string"},"operator":{"value":"and","type":"string"},"conditions":{"type":"array","value":[{"operator":{"type":"string","value":"equals"},"comparison":{"type":"object","value":{"left":{"type":"string","value":"2"},"right":{"type":"string","value":"2"}}}}]}},"type":"object"}}},"maxSize":{"type":"number","value":2}}},{"id":"branch-3.child-2","type":"branch_parallel_child","operation":{},"name":"","description":"","auth":{"key":"","parameters":null,"credentials":null},"parameters":null},{"id":"loop-1","type":"loop_serial_parent","operation":{"connectorId":"loop","connectorName":"loop","connectorVersion":"0.0.1","operationId":"loop_serial","operationName":"Serial loop"},"name":"loop","description":"","auth":{"key":"","parameters":null,"credentials":{"type":"cred","value":""}},"parameters":{"items":{"type":"spel","value":{"expression":"_(\"$.script-1.result.deleteTasks\")","node_tree":{"t":"json_path","path":"$.script-1.result.deleteTasks"}}}}},{"id":"loop-1.default","type":"loop_serial_child","operation":{},"name":"","description":"","auth":{"key":"","parameters":null,"credentials":null},"parameters":null},{"id":"bitable-2","type":"normal","operation":{"connectorId":"7341293592146706438","connectorName":"bitable","connectorVersion":"2.4","operationId":"7341293592310235141"},"name":"Delete a field","description":"","auth":{"key":"","parameters":null,"credentials":null},"parameters":{"table_id":{"type":"spel","value":{"node_tree":{"t":"flow_variable","path":"baseTableId"},"expression":"_(\"$.variable.baseTableId\")"}},"field_id":{"type":"spel","value":{"node_tree":{"path":"$.loop-1.item.field_id","t":"json_path"},"expression":"_(\"$.loop-1.item.field_id\")"}},"app_token":{"type":"spel","value":{"expression":"_(\"$.variable.baseAppToken\")","node_tree":{"path":"baseAppToken","t":"flow_variable"}}}},"errorHandler":{"defaultStrategy":{"name":"","action":"retry","retryFallbackAction":"terminate","id":"bitable-2.error_handler.default"},"strategies":[]}},{"id":"branch-3.child-3","type":"branch_parallel_child","operation":{},"name":"","description":"","auth":{"key":"","parameters":null,"credentials":null},"parameters":null},{"id":"loop-2","type":"loop_serial_parent","operation":{"connectorId":"loop","connectorName":"loop","connectorVersion":"0.0.1","operationId":"loop_serial","operationName":"Serial loop"},"name":"loop","description":"","auth":{"key":"","parameters":null,"credentials":{"type":"cred","value":""}},"parameters":{"items":{"type":"spel","value":{"expression":"_(\"$.script-1.result.addTasks\")","node_tree":{"t":"json_path","path":"$.script-1.result.addTasks"}}}}},{"id":"loop-2.default","type":"loop_serial_child","operation":{},"name":"","description":"","auth":{"key":"","parameters":null,"credentials":null},"parameters":null},{"id":"bitable-3","type":"normal","operation":{"connectorId":"7341293592146706438","connectorName":"bitable","connectorVersion":"2.4","operationId":"7341293592268242950"},"name":"New field","description":"","auth":{"key":"","parameters":null,"credentials":null},"parameters":{"type":{"type":"spel","value":{"expression":"_(\"$.loop-2.item.type\")","node_tree":{"t":"json_path","path":"$.loop-2.item.type"}}},"property":{"type":"spel","value":{"expression":"_(\"$.loop-2.item.property\")","node_tree":{"t":"json_path","path":"$.loop-2.item.property"}}},"description":{"type":"null","value":"null"},"app_token":{"type":"spel","value":{"expression":"_(\"$.variable.baseAppToken\")","node_tree":{"path":"baseAppToken","t":"flow_variable"}}},"table_id":{"type":"spel","value":{"expression":"_(\"$.variable.baseTableId\")","node_tree":{"path":"baseTableId","t":"flow_variable"}}},"field_name":{"type":"spel","value":{"expression":"_(\"$.loop-2.item.field_name\")","node_tree":{"path":"$.loop-2.item.field_name","t":"json_path"}}}},"errorHandler":{"defaultStrategy":{"action":"retry","retryFallbackAction":"terminate","id":"bitable-3.error_handler.default","name":""},"strategies":[]}},{"id":"branch-3.child-4","type":"branch_parallel_child","operation":{},"name":"","description":"","auth":{"key":"","parameters":null,"credentials":null},"parameters":null},{"id":"loop-3","type":"loop_serial_parent","operation":{"connectorId":"loop","connectorName":"loop","connectorVersion":"0.0.1","operationId":"loop_serial","operationName":"Serial loop"},"name":"loop","description":"","auth":{"key":"","parameters":null,"credentials":{"type":"cred","value":""}},"parameters":{"items":{"type":"spel","value":{"node_tree":{"t":"json_path","path":"$.script-1.result.updateTasks"},"expression":"_(\"$.script-1.result.updateTasks\")"}}}},{"id":"loop-3.default","type":"loop_serial_child","operation":{},"name":"","description":"","auth":{"key":"","parameters":null,"credentials":null},"parameters":null},{"id":"bitable-4","type":"normal","operation":{"connectorId":"7341293592146706438","connectorName":"bitable","connectorVersion":"2.4","operationId":"7341293592282513414"},"name":"Update field","description":"","auth":{"key":"","parameters":null,"credentials":null},"parameters":{"app_token":{"type":"spel","value":{"node_tree":{"path":"baseAppToken","t":"flow_variable"},"expression":"_(\"$.variable.baseAppToken\")"}},"table_id":{"type":"spel","value":{"node_tree":{"path":"baseTableId","t":"flow_variable"},"expression":"_(\"$.variable.baseTableId\")"}},"field_id":{"type":"spel","value":{"expression":"_(\"$.loop-3.item.field_id\")","node_tree":{"t":"json_path","path":"$.loop-3.item.field_id"}}},"field_name":{"type":"spel","value":{"expression":"_(\"$.loop-3.item.field_name\")","node_tree":{"t":"json_path","path":"$.loop-3.item.field_name"}}},"type":{"type":"spel","value":{"expression":"_(\"$.loop-3.item.type\")","node_tree":{"path":"$.loop-3.item.type","t":"json_path"}}},"property":{"type":"spel","value":{"expression":"_(\"$.loop-3.item.property\")","node_tree":{"path":"$.loop-3.item.property","t":"json_path"}}},"description":{"type":"null","value":"null"}},"errorHandler":{"strategies":[],"defaultStrategy":{"retryFallbackAction":"terminate","action":"retry","id":"bitable-4.error_handler.default","name":""}}},{"id":"branch-3.default","type":"branch_parallel_child","operation":{},"name":"","description":"","auth":{"key":"","parameters":null,"credentials":null},"parameters":null},{"id":"bitable-6","type":"normal","operation":{"connectorId":"7341293592146706438","connectorName":"bitable","connectorVersion":"2.4","operationId":"7341293592293425158"},"name":"Re-query the field","description":"","auth":{"key":"","parameters":null,"credentials":null},"parameters":{"table_id":{"type":"spel","value":{"node_tree":{"t":"flow_variable","path":"baseTableId"},"expression":"_(\"$.variable.baseTableId\")"}},"app_token":{"type":"spel","value":{"expression":"_(\"$.variable.baseAppToken\")","node_tree":{"path":"baseAppToken","t":"flow_variable"}}}},"errorHandler":{"strategies":[],"defaultStrategy":{"name":"","action":"retry","id":"bitable-6.error_handler.default","retryFallbackAction":"terminate"}}},{"id":"variable-3","type":"normal","operation":{"connectorId":"7306348980667940869","connectorName":"variable","connectorVersion":"1.2","operationId":"7306348980697300997","operationName":"set_value"},"name":"Initialize loop variable","description":"","auth":{"key":"","parameters":null,"credentials":null},"parameters":{"variables":{"type":"array","value":[{"type":"object","value":{"key":{"value":"have_next","type":"string"},"value":{"type":"boolean","value":true},"value_type":{"type":"string","value":"boolean"}}},{"value":{"key":{"type":"string","value":"first_id"},"value":{"value":"null","type":"null"},"value_type":{"type":"string","value":"string"}},"type":"object"},{"value":{"key":{"value":"id_list","type":"string"},"concurrency":{"value":false,"type":"boolean"},"value":{"type":"array","value":[]},"value_type":{"type":"string","value":"array"}},"type":"object"}]}},"errorHandler":{"defaultStrategy":{"action":"terminate","id":"variable-3.error_handler.default","name":""}}},{"id":"while-1","type":"while_parent","operation":{"connectorId":"while","connectorName":"while","connectorVersion":"0.0.1","operationId":"while","operationName":"While loop"},"name":"Synchronous recording","description":"","auth":{"key":"","parameters":null,"credentials":{"type":"cred","value":""}},"parameters":{"maxSize":{"type":"number","value":1000},"condition":{"type":"spel","value":{"expression":"_(\"$.variable.have_next\")","node_tree":{"path":"have_next","t":"flow_variable"}}}}},{"id":"while-1.default","type":"while_child","operation":{},"name":"","description":"","auth":{"key":"","parameters":null,"credentials":null},"parameters":null},{"id":"airtable-2","type":"normal","operation":{"connectorId":"7339736253631299589","connectorName":"airtable","connectorVersion":"1.0","operationId":"7339736253832626181","operationName":"list_records"},"name":"Batch acquisition of Airtable 100records","description":"","auth":{"key":"","parameters":null,"credentials":null},"parameters":{"maxRecords":{"type":"number","value":9007199254740991},"offset":{"type":"spel","value":{"expression":"_(\"$.variable.source_offset\")","node_tree":{"t":"flow_variable","path":"source_offset"}}},"returnFieldsByFieldId":{"type":"boolean","value":false},"baseId":{"type":"spel","value":{"expression":"_(\"$.variable.airtableBaseId\")","node_tree":{"t":"flow_variable","path":"airtableBaseId"}}},"tableIdOrName":{"type":"spel","value":{"node_tree":{"path":"airtableTableId","t":"flow_variable"},"expression":"_(\"$.variable.airtableTableId\")"}},"timeZone":{"type":"string","value":"Asia/Shanghai"},"userLocale":{"type":"string","value":""},"pageSize":{"type":"number","value":100}},"errorHandler":{"defaultStrategy":{"id":"airtable-2.error_handler.default","retryFallbackAction":"terminate","name":"","action":"retry"},"strategies":[]}},{"id":"script-2","type":"normal","operation":{"connectorId":"7296760306577965062","connectorName":"script","connectorVersion":"2.0","operationId":"7296760306603212805","operationName":"execute_script"},"name":"JavaScript","description":"","auth":{"key":"","parameters":null,"credentials":null},"parameters":{"input":{"type":"object","value":{"first_id":{"value":{"expression":"_(\"$.variable.first_id\")","node_tree":{"t":"flow_variable","path":"first_id"}},"type":"spel"},"airtable_records":{"value":{"node_tree":{"t":"json_path","path":"$.airtable-2.records"},"expression":"_(\"$.airtable-2.records\")"},"type":"spel"},"id_list":{"value":{"expression":"_(\"$.variable.id_list\")","node_tree":{"path":"id_list","t":"flow_variable"}},"type":"spel"}}},"js_code":{"type":"string","value":"function handler(input) {\n  const {\n    airtable_records = [],\n    first_id,\n    id_list = [],\n  } = input;\n  const primary_key =\n    'External Record ID';\n\n  const spliceArray = (\n    array,\n    perSize\n  ) =\u003e {\n    let arr = [...array];\n    let res = [];\n\n    while (\n      arr.length \u003e perSize\n    ) {\n      res.push(\n        arr.splice(0, perSize)\n      );\n    }\n\n    if (arr.length \u003e 0) {\n      res.push(arr);\n    }\n\n    return res;\n  };\n\n  const lastIndex =\n    airtable_records.findIndex(\n      (item) =\u003e\n        item.id === first_id\n    );\n  const sourceRecords = (\n    lastIndex !== -1\n      ? airtable_records.slice(\n          0,\n          lastIndex\n        )\n      : airtable_records\n  ).map((item) =\u003e {\n    return {\n      ...item.fields,\n      id: item.id,\n    };\n  });\n\n  const conditions =\n    sourceRecords.map(\n      (item) =\u003e {\n        return {\n          value: [item.id],\n          operator: 'is',\n          field_name:\n            primary_key,\n        };\n      }\n    );\n\n  return {\n    sourceRecords,\n    idList: [\n      ...id_list,\n      sourceRecords.map(\n        (item) =\u003e {\n          return item.id;\n        }\n      ),\n    ],\n    conditions: spliceArray(\n      conditions,\n      50\n    ),\n    hasNext:\n      sourceRecords.length ==\n      100,\n  };\n}\n"}},"errorHandler":{"defaultStrategy":{"id":"script-2.error_handler.default","name":"","action":"retry","retryFallbackAction":"terminate"}}},{"id":"branch-4","type":"branch_exclusive_parent","operation":{"connectorId":"branch","connectorName":"branch","connectorVersion":"0.0.1","operationId":"branch_exclusive","operationName":"Exclusive branch"},"name":"Record termination tag","description":"","auth":{"key":"","parameters":null,"credentials":{"type":"cred","value":""}},"parameters":{"branches":{"type":"object","value":{"branch-4.child-2":{"value":{"operator":{"type":"string","value":"and"},"conditions":{"value":[{"operator":{"value":"isEmpty","type":"string"},"comparison":{"type":"object","value":{"left":{"type":"spel","value":{"node_tree":{"path":"first_id","t":"flow_variable"},"expression":"_(\"$.variable.first_id\")"}}}}}],"type":"array"},"label":{"type":"string","value":"Save id"}},"type":"object"}}},"maxSize":{"type":"number","value":1}}},{"id":"branch-4.child-2","type":"branch_exclusive_child","operation":{},"name":"","description":"","auth":{"key":"","parameters":null,"credentials":null},"parameters":null},{"id":"variable-4","type":"normal","operation":{"connectorId":"7306348980667940869","connectorName":"variable","connectorVersion":"1.2","operationId":"7306348980697300997","operationName":"set_value"},"name":"Set variable","description":"Save the first id and end the loop if the query reaches the same id","auth":{"key":"","parameters":null,"credentials":null},"parameters":{"variables":{"type":"array","value":[{"type":"object","value":{"key":{"value":"first_id","type":"string"},"value":{"value":{"expression":"_(\"$.airtable-2.records[0].id\")","node_tree":{"t":"json_path","path":"$.airtable-2.records[0].id"}},"type":"spel"},"value_type":{"value":"string","type":"string"}}}]}},"errorHandler":{"defaultStrategy":{"id":"variable-4.error_handler.default","name":"","action":"terminate"}}},{"id":"branch-4.default","type":"branch_exclusive_child","operation":{},"name":"","description":"","auth":{"key":"","parameters":null,"credentials":null},"parameters":null},{"id":"variable-5","type":"normal","operation":{"connectorId":"7306348980667940869","connectorName":"variable","connectorVersion":"1.2","operationId":"7306348980697300997","operationName":"set_value"},"name":"Set variable","description":"","auth":{"key":"","parameters":null,"credentials":null},"parameters":{"variables":{"type":"array","value":[{"value":{"value":{"value":{"expression":"_(\"$.airtable-2.offset\")","node_tree":{"path":"$.airtable-2.offset","t":"json_path"}},"type":"spel"},"value_type":{"type":"string","value":"string"},"key":{"type":"string","value":"source_offset"}},"type":"object"},{"value":{"value_type":{"value":"boolean","type":"string"},"key":{"value":"have_next","type":"string"},"value":{"value":{"expression":"_(\"$.script-2.result.hasNext\")","node_tree":{"t":"json_path","path":"$.script-2.result.hasNext"}},"type":"spel"}},"type":"object"},{"value":{"key":{"value":"source_records","type":"string"},"concurrency":{"value":false,"type":"boolean"},"value":{"value":{"node_tree":{"t":"json_path","path":"$.airtable-2.records"},"expression":"_(\"$.airtable-2.records\")"},"type":"spel"},"value_type":{"type":"string","value":"array"}},"type":"object"},{"type":"object","value":{"value":{"value":[],"type":"array"},"value_type":{"value":"array","type":"string"},"key":{"type":"string","value":"base_records"},"concurrency":{"value":false,"type":"boolean"}}},{"type":"object","value":{"value":{"value":{"node_tree":{"t":"json_path","path":"$.script-2.result.idList"},"expression":"_(\"$.script-2.result.idList\")"},"type":"spel"},"value_type":{"type":"string","value":"array"},"key":{"type":"string","value":"id_list"},"concurrency":{"value":false,"type":"boolean"}}}]}},"errorHandler":{"defaultStrategy":{"action":"terminate","id":"variable-5.error_handler.default","name":""}}},{"id":"loop-4","type":"loop_parallel_parent","operation":{"connectorId":"loop","connectorName":"loop","connectorVersion":"0.0.1","operationId":"loop_parallel","operationName":"Parallel loop"},"name":"Loop filtering records in base","description":"","auth":{"key":"","parameters":null,"credentials":{"type":"cred","value":""}},"parameters":{"items":{"type":"spel","value":{"node_tree":{"t":"json_path","path":"$.script-2.result.conditions"},"expression":"_(\"$.script-2.result.conditions\")"}},"maxSize":{"type":"number","value":1}}},{"id":"loop-4.default","type":"loop_parallel_child","operation":{},"name":"","description":"","auth":{"key":"","parameters":null,"credentials":null},"parameters":null},{"id":"bitable-5","type":"normal","operation":{"connectorId":"7341293592146706438","connectorName":"bitable","connectorVersion":"2.4","operationId":"7341293592813715461"},"name":"Query record","description":"","auth":{"key":"","parameters":null,"credentials":null},"parameters":{"field_names":{"type":"array","value":[]},"filter":{"type":"object","value":{"conditions":{"type":"spel","value":{"node_tree":{"path":"$.loop-4.item","t":"json_path"},"expression":"_(\"$.loop-4.item\")"}},"conjunction":{"type":"string","value":"or"}}},"app_token":{"type":"spel","value":{"expression":"_(\"$.variable.baseAppToken\")","node_tree":{"t":"flow_variable","path":"baseAppToken"}}},"table_id":{"type":"spel","value":{"expression":"_(\"$.variable.baseTableId\")","node_tree":{"t":"flow_variable","path":"baseTableId"}}},"user_id_type":{"type":"string","value":"open_id"},"page_size":{"type":"number","value":50}},"errorHandler":{"strategies":[],"defaultStrategy":{"retryFallbackAction":"terminate","id":"bitable-5.error_handler.default","name":"","action":"retry"}}},{"id":"script-3","type":"normal","operation":{"connectorId":"7296760306577965062","connectorName":"script","connectorVersion":"2.0","operationId":"7296760306603212805","operationName":"execute_script"},"name":"JavaScript","description":"","auth":{"key":"","parameters":null,"credentials":null},"parameters":{"js_code":{"type":"string","value":"function handler(input) {\n  const {\n    base_records = [],\n    per_base_records = [],\n  } = input;\n  return [\n    ...base_records,\n    ...(per_base_records ??\n      []),\n  ];\n}\n"},"input":{"type":"object","value":{"per_base_records":{"type":"spel","value":{"expression":"_(\"$.bitable-5.data.items\")","node_tree":{"path":"$.bitable-5.data.items","t":"json_path"}}},"base_records":{"type":"spel","value":{"node_tree":{"path":"base_records","t":"flow_variable"},"expression":"_(\"$.variable.base_records\")"}}}}},"errorHandler":{"defaultStrategy":{"retryFallbackAction":"terminate","id":"script-3.error_handler.default","name":"","action":"retry"}}},{"id":"variable-6","type":"normal","operation":{"connectorId":"7306348980667940869","connectorName":"variable","connectorVersion":"1.2","operationId":"7306348980697300997","operationName":"set_value"},"name":"Set variable","description":"","auth":{"key":"","parameters":null,"credentials":null},"parameters":{"variables":{"type":"array","value":[{"type":"object","value":{"key":{"value":"base_records","type":"string"},"concurrency":{"value":false,"type":"boolean"},"value":{"value":{"expression":"_(\"$.script-3.result\")","node_tree":{"path":"$.script-3.result","t":"json_path"}},"type":"spel"},"value_type":{"value":"array","type":"string"}}}]}},"errorHandler":{"defaultStrategy":{"id":"variable-6.error_handler.default","name":"","action":"terminate"}}},{"id":"script-4","type":"normal","operation":{"connectorId":"7296760306577965062","connectorName":"script","connectorVersion":"2.0","operationId":"7296760306603212805","operationName":"execute_script"},"name":"diff","description":"","auth":{"key":"","parameters":null,"credentials":null},"parameters":{"input":{"type":"object","value":{"typeMapping":{"value":{"node_tree":{"path":"$.script-1.result.typeMapping","t":"json_path"},"expression":"_(\"$.script-1.result.typeMapping\")"},"type":"spel"},"source_fields":{"value":{"expression":"_(\"$.script-5.result.fields\")","node_tree":{"t":"json_path","path":"$.script-5.result.fields"}},"type":"spel"},"source_records":{"value":{"expression":"_(\"$.variable.source_records\")","node_tree":{"path":"source_records","t":"flow_variable"}},"type":"spel"},"base_records":{"type":"spel","value":{"expression":"_(\"$.variable.base_records\")","node_tree":{"path":"base_records","t":"flow_variable"}}},"primary_key":{"type":"spel","value":{"expression":"_(\"$.script-5.result.primaryKey\")","node_tree":{"path":"$.script-5.result.primaryKey","t":"json_path"}}},"base_fields":{"value":{"expression":"_(\"$.bitable-6.data.items\")","node_tree":{"t":"json_path","path":"$.bitable-6.data.items"}},"type":"spel"}}},"js_code":{"type":"string","value":"function handler(input) {\n  let {\n    source_records = [],\n    base_records = [],\n    base_fields = [],\n    source_fields = [],\n    typeMapping,\n  } = input;\n\n  const primary_key =\n    'External Record ID';\n\n  const noDiffMap = {\n    airtable: [\n      'multipleAttachments',\n    ],\n    base: [17],\n  };\n\n  source_records =\n    source_records.map(\n      (item) =\u003e {\n        return {\n          ...item.fields,\n          'External Record ID':\n            item.id,\n        };\n      }\n    );\n  // base_records = base_records.map((item) =\u003e item.fields);\n  const attachmentField =\n    source_fields.find(\n      (item) =\u003e\n        item.type ===\n        'multipleAttachments'\n    );\n\n  const result = {\n    updateList: [],\n    addList: [],\n    includeAttachmentField:\n      !!attachmentField,\n  };\n\n  // 日期毫秒转字符串\n  function formatTime(\n    number,\n    format\n  ) {\n    var hours = Math.floor(\n      number / 3600\n    );\n    var minutes = Math.floor(\n      (number % 3600) / 60\n    );\n    var seconds = number % 60;\n    var milliseconds =\n      Math.floor(\n        (number % 1) * 1000\n      );\n\n    var formattedTime = '';\n\n    switch (format) {\n      case 'h:mm':\n        formattedTime =\n          hours +\n          ':' +\n          (\n            '0' + minutes\n          ).slice(-2);\n        break;\n      case 'h:mm:ss':\n        formattedTime =\n          hours +\n          ':' +\n          (\n            '0' + minutes\n          ).slice(-2) +\n          ':' +\n          (\n            '0' + seconds\n          ).slice(-2);\n        break;\n      case 'h:mm:ss.S':\n        formattedTime =\n          hours +\n          ':' +\n          (\n            '0' + minutes\n          ).slice(-2) +\n          ':' +\n          (\n            '0' + seconds\n          ).slice(-2) +\n          '.' +\n          (\n            '00' +\n            milliseconds\n          ).slice(-1);\n        break;\n      case 'h:mm:ss.SS':\n        formattedTime =\n          hours +\n          ':' +\n          (\n            '0' + minutes\n          ).slice(-2) +\n          ':' +\n          (\n            '0' + seconds\n          ).slice(-2) +\n          '.' +\n          (\n            '00' +\n            milliseconds\n          ).slice(-2);\n        break;\n      case 'h:mm:ss.SSS':\n        formattedTime =\n          hours +\n          ':' +\n          (\n            '0' + minutes\n          ).slice(-2) +\n          ':' +\n          (\n            '0' + seconds\n          ).slice(-2) +\n          '.' +\n          (\n            '000' +\n            milliseconds\n          ).slice(-3);\n        break;\n      default:\n        formattedTime =\n          'Invalid format';\n    }\n\n    return formattedTime;\n  }\n\n  const sourceToBase = (\n    record,\n    source_fields,\n    typeMapping\n  ) =\u003e {\n    const supportedTypes =\n      Object.keys(\n        typeMapping\n      );\n    let result = {};\n    for (let key in record) {\n      const value =\n        record[key];\n      const sourceField =\n        source_fields.find(\n          (item) =\u003e\n            item.name === key\n        ) ?? {};\n      let fieldType =\n        sourceField.type;\n\n      if (\n        key ===\n        'External Record ID'\n      ) {\n        fieldType =\n          'singleLineText';\n      }\n      const notSupported =\n        !supportedTypes.includes(\n          fieldType\n        ) ||\n        noDiffMap.airtable.includes(\n          fieldType\n        );\n      if (notSupported) {\n        continue;\n      }\n\n      switch (fieldType) {\n        case 'url': {\n          result[key] = {\n            text: value,\n            link: value,\n          };\n          break;\n        }\n        case 'createdBy':\n        case 'singleCollaborator':\n        case 'lastModifiedBy': {\n          result[key] =\n            value.email;\n          break;\n        }\n        case 'multipleCollaborators': {\n          if (\n            Array.isArray(\n              value\n            )\n          )\n            result[key] = (\n              value ?? []\n            )\n              .map(\n                (item) =\u003e\n                  item.email\n              )\n              .join(',');\n          break;\n        }\n        case 'duration': {\n          const formate =\n            sourceField\n              ?.options\n              ?.durationFormat;\n          if (formate) {\n            result[key] =\n              formatTime(\n                value,\n                formate\n              );\n          } else {\n            result[key] =\n              value;\n          }\n          break;\n        }\n        case 'barcode': {\n          result[key] =\n            value.text;\n          break;\n        }\n        default: {\n          result[key] = value;\n        }\n      }\n    }\n\n    return result;\n  };\n\n  const baseToTemp = (\n    record,\n    base_fields\n  ) =\u003e {\n    let result = {};\n\n    for (let key in record) {\n      const value =\n        record[key];\n      const filedType =\n        base_fields.find(\n          (item) =\u003e\n            item.field_name ===\n            key\n        );\n      if (!filedType) {\n        continue;\n      }\n\n      //附件类型 不做diff\n      if (\n        noDiffMap.base.includes(\n          filedType.type\n        )\n      ) {\n        continue;\n      }\n\n      switch (\n        filedType.type\n      ) {\n        case 1: {\n          if (\n            Array.isArray(\n              value\n            )\n          ) {\n            result[key] =\n              value\n                .map(\n                  (item) =\u003e\n                    item.text\n                )\n                .join();\n            continue;\n          }\n          result[key] = value;\n          break;\n        }\n        case 15: {\n          const fullLink =\n            value?.link ?? '';\n          //base 会自动给www 前面添加http:// ，避免diff判定为isChange， 所以此处如下处理\n          let link = fullLink\n            .split('http://')\n            .join('');\n          result[key] = {\n            text: link,\n            link: link,\n          };\n          break;\n        }\n        default: {\n          result[key] = value;\n        }\n      }\n    }\n\n    return result;\n  };\n\n  function diff(\n    object1,\n    object2\n  ) {\n    function arrayChange(\n      array1,\n      array2\n    ) {\n      for (let value1 of array1) {\n        const inArray2 =\n          array2.findIndex(\n            (item) =\u003e\n              item === value1\n          ) !== -1;\n        if (!inArray2) {\n          return true;\n        }\n      }\n\n      for (let value2 of array2) {\n        const inArray1 =\n          array1.findIndex(\n            (item) =\u003e\n              item === value2\n          ) !== -1;\n        if (!inArray1) {\n          return true;\n        }\n      }\n\n      return false;\n    }\n\n    // 遍历 object1 的属性\n    for (let key in object1) {\n      if (\n        object1.hasOwnProperty(\n          key\n        )\n      ) {\n        if (\n          !object2.hasOwnProperty(\n            key\n          )\n        ) {\n          // 如果 object2 没有对应的属性\n          return true;\n        } else if (\n          Array.isArray(\n            object1[key]\n          ) \u0026\u0026\n          Array.isArray(\n            object2[key]\n          )\n        ) {\n          if (\n            object1[key]\n              .length !==\n            object2[key]\n              .length\n          ) {\n            return true;\n          }\n\n          // 如果两个属性都是数组，则比较数组的差异\n          const arrayIsChange =\n            arrayChange(\n              object1[key],\n              object2[key]\n            );\n          if (arrayIsChange) {\n            return true;\n          }\n        } else if (\n          typeof object1[\n            key\n          ] === 'object' \u0026\u0026\n          typeof object2[\n            key\n          ] === 'object' \u0026\u0026\n          object1[key] !==\n            null \u0026\u0026\n          object2[key] !==\n            null\n        ) {\n          // 如果两个属性都是对象，则递归比较子对象的差异\n          const result = diff(\n            object1[key],\n            object2[key]\n          );\n          if (result) {\n            return true;\n          }\n        } else if (\n          object1[key] !==\n          object2[key]\n        ) {\n          return true;\n        }\n      }\n    }\n\n    // 遍历 object2 的属性\n    for (let key in object2) {\n      if (\n        object2.hasOwnProperty(\n          key\n        ) \u0026\u0026\n        !object1.hasOwnProperty(\n          key\n        )\n      ) {\n        // 如果 object1 没有对应的属性，将差异添加到结果中\n        return true;\n      }\n    }\n\n    return false;\n  }\n\n  for (let source_record of source_records) {\n    const sourceTemp =\n      sourceToBase(\n        source_record,\n        source_fields,\n        typeMapping\n      );\n    const baseRecord =\n      base_records.find(\n        (baseRecord) =\u003e {\n          return (\n            baseRecord.fields[\n              primary_key\n            ][0].text ===\n            source_record[\n              primary_key\n            ]\n          );\n        }\n      );\n\n    if (!baseRecord) {\n      let record = sourceTemp;\n      if (attachmentField) {\n        result.attachmentField =\n          attachmentField.name;\n        record = {\n          ...sourceTemp,\n          [attachmentField.name]:\n            source_record[\n              attachmentField\n                .name\n            ],\n        };\n      }\n      result.addList.push({\n        fields: record,\n      });\n      continue;\n    }\n\n    const baseTemp =\n      baseToTemp(\n        baseRecord.fields,\n        base_fields\n      );\n    const isChange = diff(\n      sourceTemp,\n      baseTemp\n    );\n\n    if (isChange) {\n      let record = {\n        ...baseTemp,\n        ...sourceTemp,\n      };\n\n      //处理清空的字段\n      const kesInBase =\n        Object.keys(\n          baseTemp ?? {}\n        );\n      for (let key of kesInBase) {\n        if (\n          !sourceTemp[key]\n        ) {\n          record[key] = null;\n        }\n      }\n\n      if (attachmentField) {\n        result.attachmentField =\n          attachmentField.name;\n        record = {\n          ...record,\n          [attachmentField.name]:\n            source_record[\n              attachmentField\n                .name\n            ],\n        };\n      }\n      result.updateList.push({\n        ...baseRecord,\n        fields: record,\n      });\n    }\n  }\n\n  return {\n    allTask: [\n      ...result.addList,\n      ...result.updateList,\n    ],\n    splitIndex:\n      result.addList.length,\n    taskLength: [\n      ...result.addList,\n      ...result.updateList,\n    ].length,\n    attachmentField:\n      result?.attachmentField ??\n      '',\n    uploadTask: [\n      ...result.addList,\n      ...result.updateList,\n    ]\n      .filter(\n        (item) =\u003e\n          item.fields[\n            result?.attachmentField ??\n              ''\n          ]?.length \u003e 0\n      )\n      .map((item) =\u003e {\n        return {\n          key: item.fields[\n            primary_key\n          ],\n          att:\n            item.fields[\n              result?.attachmentField ??\n                ''\n            ] ?? [],\n        };\n      }),\n  };\n}\n"}},"errorHandler":{"defaultStrategy":{"retryFallbackAction":"terminate","id":"script-4.error_handler.default","name":"","action":"retry"}}},{"id":"variable-13","type":"normal","operation":{"connectorId":"7306348980667940869","connectorName":"variable","connectorVersion":"1.2","operationId":"7306348980697300997","operationName":"set_value"},"name":"Set variable","description":"","auth":{"key":"","parameters":null,"credentials":null},"parameters":{"variables":{"type":"array","value":[{"value":{"value_type":{"value":"array","type":"string"},"key":{"type":"string","value":"task_list"},"concurrency":{"type":"boolean","value":false},"value":{"type":"spel","value":{"node_tree":{"t":"json_path","path":"$.script-4.result.allTask"},"expression":"_(\"$.script-4.result.allTask\")"}}},"type":"object"}]}},"errorHandler":{"defaultStrategy":{"name":"","action":"terminate","id":"variable-13.error_handler.default"}}},{"id":"branch-5","type":"branch_exclusive_parent","operation":{"connectorId":"branch","connectorName":"branch","connectorVersion":"0.0.1","operationId":"branch_exclusive","operationName":"Exclusive branch"},"name":"Working with attachments in a task","description":"","auth":{"key":"","parameters":null,"credentials":{"type":"cred","value":""}},"parameters":{"branches":{"type":"object","value":{"branch-5.child-2":{"value":{"label":{"value":"includeAtta","type":"string"},"operator":{"value":"and","type":"string"},"conditions":{"value":[{"comparison":{"value":{"right":{"type":"string","value":""},"left":{"type":"spel","value":{"expression":"_(\"$.script-4.result.attachmentField\")","node_tree":{"t":"json_path","path":"$.script-4.result.attachmentField"}}}},"type":"object"},"operator":{"type":"string","value":"notEqual"}}],"type":"array"}},"type":"object"}}},"maxSize":{"type":"number","value":1}}},{"id":"branch-5.child-2","type":"branch_exclusive_child","operation":{},"name":"","description":"","auth":{"key":"","parameters":null,"credentials":null},"parameters":null},{"id":"variable-11","type":"normal","operation":{"connectorId":"7306348980667940869","connectorName":"variable","connectorVersion":"1.2","operationId":"7306348980697300997","operationName":"set_value"},"name":"Set variable","description":"","auth":{"key":"","parameters":null,"credentials":null},"parameters":{"variables":{"type":"array","value":[{"value":{"value_type":{"value":"array","type":"string"},"key":{"value":"_task_list","type":"string"},"concurrency":{"type":"boolean","value":false},"value":{"type":"array","value":[]}},"type":"object"}]}},"errorHandler":{"defaultStrategy":{"id":"variable-11.error_handler.default","name":"","action":"terminate"}}},{"id":"loop-8","type":"loop_serial_parent","operation":{"connectorId":"loop","connectorName":"loop","connectorVersion":"0.0.1","operationId":"loop_serial","operationName":"Serial loop"},"name":"loop","description":"","auth":{"key":"","parameters":null,"credentials":{"type":"cred","value":""}},"parameters":{"items":{"type":"spel","value":{"node_tree":{"path":"$.script-4.result.uploadTask","t":"json_path"},"expression":"_(\"$.script-4.result.uploadTask\")"}}}},{"id":"loop-8.default","type":"loop_serial_child","operation":{},"name":"","description":"","auth":{"key":"","parameters":null,"credentials":null},"parameters":null},{"id":"variable-12","type":"normal","operation":{"connectorId":"7306348980667940869","connectorName":"variable","connectorVersion":"1.2","operationId":"7306348980697300997","operationName":"set_value"},"name":"Set variable","description":"","auth":{"key":"","parameters":null,"credentials":null},"parameters":{"variables":{"type":"array","value":[{"type":"object","value":{"concurrency":{"type":"boolean","value":false},"value":{"type":"array","value":[]},"value_type":{"type":"string","value":"array"},"key":{"value":"tokens","type":"string"}}}]}},"errorHandler":{"defaultStrategy":{"name":"","action":"terminate","id":"variable-12.error_handler.default"}}},{"id":"loop-9","type":"loop_serial_parent","operation":{"connectorId":"loop","connectorName":"loop","connectorVersion":"0.0.1","operationId":"loop_serial","operationName":"Serial loop"},"name":"loop","description":"","auth":{"key":"","parameters":null,"credentials":{"type":"cred","value":""}},"parameters":{"items":{"type":"spel","value":{"node_tree":{"path":"$.loop-8.item.att","t":"json_path"},"expression":"_(\"$.loop-8.item.att\")"}}}},{"id":"loop-9.default","type":"loop_serial_child","operation":{},"name":"","description":"","auth":{"key":"","parameters":null,"credentials":null},"parameters":null},{"id":"file_helper-2","type":"normal","operation":{"connectorId":"7316446833450500102","connectorName":"file_helper","connectorVersion":"1.4","operationId":"7316446833478221829","operationName":"URL_to_file"},"name":"file helper","description":"","auth":{"key":"","parameters":null,"credentials":null},"parameters":{"file_name":{"type":"spel","value":{"node_tree":{"path":"$.loop-9.item.filename","t":"json_path"},"expression":"_(\"$.loop-9.item.filename\")"}},"url":{"type":"spel","value":{"node_tree":{"t":"json_path","path":"$.loop-9.item.url"},"expression":"_(\"$.loop-9.item.url\")"}}},"errorHandler":{"defaultStrategy":{"name":"","action":"terminate","id":"file_helper-2.error_handler.default"}}},{"id":"drive-1","type":"normal","operation":{"connectorId":"7348020745248735237","connectorName":"drive","connectorVersion":"1.8","operationId":"7348020745328590854"},"name":"Lark Docs File Management","description":"","auth":{"key":"","parameters":null,"credentials":null},"parameters":{"file":{"type":"spel","value":{"expression":"_(\"$.file_helper-2.file\")","node_tree":{"t":"json_path","path":"$.file_helper-2.file"}}},"file_name":{"type":"spel","value":{"node_tree":{"method":"get","params":[{"path":"$.loop-9.item","t":"json_path"},{"t":"literal","vt":"string","v":"\"filename\""}],"t":"engine_method"},"expression":"_(\"$.loop-9.item\").get('filename')"}},"parent_type":{"type":"string","value":"bitable_file"},"parent_node":{"type":"spel","value":{"expression":"_(\"$.variable.baseAppToken\")","node_tree":{"path":"baseAppToken","t":"flow_variable"}}},"size":{"type":"spel","value":{"node_tree":{"params":[{"path":"$.loop-9.item","t":"json_path"},{"v":"\"size\"","t":"literal","vt":"string"}],"t":"engine_method","method":"get"},"expression":"_(\"$.loop-9.item\").get('size')"}}},"errorHandler":{"defaultStrategy":{"retryFallbackAction":"terminate","name":"","action":"retry","id":"drive-1.error_handler.default"},"strategies":[]}},{"id":"list_helper-2","type":"normal","operation":{"connectorId":"7242228291724132358","connectorName":"list_helper","connectorVersion":"1.3","operationId":"7242228292143562758","operationName":"append_to_list"},"name":"list helper","description":"","auth":{"key":"","parameters":null,"credentials":null},"parameters":{"list":{"type":"spel","value":{"expression":"_(\"$.variable.tokens\")","node_tree":{"t":"flow_variable","path":"tokens"}}},"sub_items":{"type":"array","value":[{"type":"spel","value":{"node_tree":{"t":"json_path","path":"$.drive-1.data"},"expression":"_(\"$.drive-1.data\")"}}]}},"errorHandler":{"defaultStrategy":{"name":"","action":"terminate","id":"list_helper-2.error_handler.default"}}},{"id":"variable-15","type":"normal","operation":{"connectorId":"7306348980667940869","connectorName":"variable","connectorVersion":"1.2","operationId":"7306348980697300997","operationName":"set_value"},"name":"Set variable","description":"","auth":{"key":"","parameters":null,"credentials":null},"parameters":{"variables":{"type":"array","value":[{"value":{"value":{"value":{"node_tree":{"path":"$.list_helper-2.list","t":"json_path"},"expression":"_(\"$.list_helper-2.list\")"},"type":"spel"},"value_type":{"value":"array","type":"string"},"key":{"value":"tokens","type":"string"},"concurrency":{"value":false,"type":"boolean"}},"type":"object"}]}},"errorHandler":{"defaultStrategy":{"id":"variable-15.error_handler.default","name":"","action":"terminate"}}},{"id":"object_helper-1","type":"normal","operation":{"connectorId":"7221001968460824581","connectorName":"object_helper","connectorVersion":"1.1","operationId":"7221001969102487557","operationName":"add_object_property"},"name":"Object helper","description":"","auth":{"key":"","parameters":null,"credentials":null},"parameters":{"kvList":{"type":"array","value":[{"type":"object","value":{"value":{"value":{"expression":"_(\"$.variable.tokens\")","node_tree":{"path":"tokens","t":"flow_variable"}},"type":"spel"},"key":{"value":"att","type":"string"}}}]},"object":{"type":"spel","value":{"node_tree":{"t":"json_path","path":"$.loop-8.item"},"expression":"_(\"$.loop-8.item\")"}}},"errorHandler":{"defaultStrategy":{"name":"","action":"terminate","id":"object_helper-1.error_handler.default"}}},{"id":"list_helper-3","type":"normal","operation":{"connectorId":"7242228291724132358","connectorName":"list_helper","connectorVersion":"1.3","operationId":"7242228292143562758","operationName":"append_to_list"},"name":"list helper","description":"","auth":{"key":"","parameters":null,"credentials":null},"parameters":{"sub_items":{"type":"array","value":[{"value":{"node_tree":{"t":"json_path","path":"$.object_helper-1.result"},"expression":"_(\"$.object_helper-1.result\")"},"type":"spel"}]},"list":{"type":"spel","value":{"expression":"_(\"$.variable._task_list\")","node_tree":{"t":"flow_variable","path":"_task_list"}}}},"errorHandler":{"defaultStrategy":{"id":"list_helper-3.error_handler.default","name":"","action":"terminate"}}},{"id":"variable-16","type":"normal","operation":{"connectorId":"7306348980667940869","connectorName":"variable","connectorVersion":"1.2","operationId":"7306348980697300997","operationName":"set_value"},"name":"Set variable","description":"","auth":{"key":"","parameters":null,"credentials":null},"parameters":{"variables":{"type":"array","value":[{"value":{"concurrency":{"type":"boolean","value":false},"value":{"type":"spel","value":{"node_tree":{"path":"$.list_helper-3.list","t":"json_path"},"expression":"_(\"$.list_helper-3.list\")"}},"value_type":{"type":"string","value":"array"},"key":{"type":"string","value":"_task_list"}},"type":"object"}]}},"errorHandler":{"defaultStrategy":{"name":"","action":"terminate","id":"variable-16.error_handler.default"}}},{"id":"variable-14","type":"normal","operation":{"connectorId":"7306348980667940869","connectorName":"variable","connectorVersion":"1.2","operationId":"7306348980697300997","operationName":"set_value"},"name":"Set variable","description":"","auth":{"key":"","parameters":null,"credentials":null},"parameters":{"variables":{"type":"array","value":[{"type":"object","value":{"value":{"type":"spel","value":{"node_tree":{"t":"flow_variable","path":"_task_list"},"expression":"_(\"$.variable._task_list\")"}},"value_type":{"value":"array","type":"string"},"key":{"value":"task_list","type":"string"},"concurrency":{"value":false,"type":"boolean"}}}]}},"errorHandler":{"defaultStrategy":{"id":"variable-14.error_handler.default","name":"","action":"terminate"}}},{"id":"branch-5.default","type":"branch_exclusive_child","operation":{},"name":"","description":"","auth":{"key":"","parameters":null,"credentials":null},"parameters":null},{"id":"script-10","type":"normal","operation":{"connectorId":"7296760306577965062","connectorName":"script","connectorVersion":"2.0","operationId":"7296760306603212805","operationName":"execute_script"},"name":"Get the task list to be inserted and updated","description":"","auth":{"key":"","parameters":null,"credentials":null},"parameters":{"js_code":{"type":"string","value":"function handler({\n  task_list = [],\n  splitIndex,\n  allTask = [],\n  attachmentField,\n}) {\n  const primary_key =\n    'External Record ID';\n  for (let task of task_list) {\n    const index =\n      allTask.findIndex(\n        (item) =\u003e\n          item.fields[\n            primary_key\n          ] === task.key\n      );\n    if (index !== -1) {\n      allTask[index].fields[\n        attachmentField\n      ] = task.att;\n    }\n  }\n\n  const addTask =\n    allTask.splice(\n      0,\n      splitIndex\n    );\n  const updateTask = allTask;\n  return {\n    addTask,\n    needAdd:\n      addTask.length \u003e 0,\n    updateTask,\n    needUpdate:\n      updateTask.length \u003e 0,\n  };\n}\n"},"input":{"type":"object","value":{"allTask":{"value":{"node_tree":{"t":"json_path","path":"$.script-4.result.allTask"},"expression":"_(\"$.script-4.result.allTask\")"},"type":"spel"},"attachmentField":{"value":{"expression":"_(\"$.script-4.result.attachmentField\")","node_tree":{"path":"$.script-4.result.attachmentField","t":"json_path"}},"type":"spel"},"splitIndex":{"value":{"node_tree":{"path":"$.script-4.result.splitIndex","t":"json_path"},"expression":"_(\"$.script-4.result.splitIndex\")"},"type":"spel"},"task_list":{"type":"spel","value":{"node_tree":{"path":"task_list","t":"flow_variable"},"expression":"_(\"$.variable.task_list\")"}}}}},"errorHandler":{"defaultStrategy":{"id":"script-10.error_handler.default","name":"","action":"retry","retryFallbackAction":"terminate"}}},{"id":"branch-6","type":"branch_parallel_parent","operation":{"connectorId":"branch","connectorName":"branch","connectorVersion":"0.0.1","operationId":"branch_parallel","operationName":"Parallel branch"},"name":"Add records, update records","description":"","auth":{"key":"","parameters":null,"credentials":{"type":"cred","value":""}},"parameters":{"maxSize":{"type":"number","value":1},"branches":{"type":"object","value":{"branch-6.child-3":{"value":{"conditions":{"value":[{"comparison":{"value":{"right":{"type":"string","value":"1"},"left":{"type":"string","value":"1"}},"type":"object"},"operator":{"value":"equals","type":"string"}}],"type":"array"},"label":{"value":"update","type":"string"},"operator":{"type":"string","value":"and"}},"type":"object"},"branch-6.child-2":{"value":{"operator":{"type":"string","value":"and"},"conditions":{"value":[{"operator":{"type":"string","value":"equals"},"comparison":{"value":{"left":{"type":"string","value":"1"},"right":{"type":"string","value":"1"}},"type":"object"}}],"type":"array"},"label":{"value":"add","type":"string"}},"type":"object"}}}}},{"id":"branch-6.child-2","type":"branch_parallel_child","operation":{},"name":"","description":"","auth":{"key":"","parameters":null,"credentials":null},"parameters":null},{"id":"branch-7","type":"branch_exclusive_parent","operation":{"connectorId":"branch","connectorName":"branch","connectorVersion":"0.0.1","operationId":"branch_exclusive","operationName":"Exclusive branch"},"name":"need add","description":"","auth":{"key":"","parameters":null,"credentials":{"type":"cred","value":""}},"parameters":{"maxSize":{"type":"number","value":1},"branches":{"type":"object","value":{"branch-7.child-2":{"value":{"operator":{"type":"string","value":"and"},"conditions":{"type":"array","value":[{"comparison":{"type":"object","value":{"left":{"type":"spel","value":{"expression":"_(\"$.script-10.result.needAdd\")","node_tree":{"path":"$.script-10.result.needAdd","t":"json_path"}}},"right":{"value":true,"type":"boolean"}}},"operator":{"type":"string","value":"equals"}}]},"label":{"type":"string","value":"need"}},"type":"object"}}}}},{"id":"branch-7.child-2","type":"branch_exclusive_child","operation":{},"name":"","description":"","auth":{"key":"","parameters":null,"credentials":null},"parameters":null},{"id":"bitable-7","type":"normal","operation":{"connectorId":"7341293592146706438","connectorName":"bitable","connectorVersion":"2.4","operationId":"7341293592784191494"},"name":"Add records","description":"","auth":{"key":"","parameters":null,"credentials":null},"parameters":{"table_id":{"type":"spel","value":{"node_tree":{"path":"baseTableId","t":"flow_variable"},"expression":"_(\"$.variable.baseTableId\")"}},"records":{"type":"spel","value":{"expression":"_(\"$.script-10.result.addTask\")","node_tree":{"t":"json_path","path":"$.script-10.result.addTask"}}},"user_id_type":{"type":"string","value":"open_id"},"app_token":{"type":"spel","value":{"expression":"_(\"$.variable.baseAppToken\")","node_tree":{"path":"baseAppToken","t":"flow_variable"}}}},"errorHandler":{"defaultStrategy":{"id":"bitable-7.error_handler.default","name":"","action":"retry","retryFallbackAction":"terminate"},"strategies":[]}},{"id":"branch-7.default","type":"branch_exclusive_child","operation":{},"name":"","description":"","auth":{"key":"","parameters":null,"credentials":null},"parameters":null},{"id":"branch-6.child-3","type":"branch_parallel_child","operation":{},"name":"","description":"","auth":{"key":"","parameters":null,"credentials":null},"parameters":null},{"id":"branch-8","type":"branch_exclusive_parent","operation":{"connectorId":"branch","connectorName":"branch","connectorVersion":"0.0.1","operationId":"branch_exclusive","operationName":"Exclusive branch"},"name":"need  update","description":"","auth":{"key":"","parameters":null,"credentials":{"type":"cred","value":""}},"parameters":{"maxSize":{"type":"number","value":1},"branches":{"type":"object","value":{"branch-8.child-2":{"value":{"conditions":{"type":"array","value":[{"operator":{"type":"string","value":"equals"},"comparison":{"type":"object","value":{"left":{"value":{"node_tree":{"path":"$.script-10.result.needUpdate","t":"json_path"},"expression":"_(\"$.script-10.result.needUpdate\")"},"type":"spel"},"right":{"type":"boolean","value":true}}}}]},"label":{"type":"string","value":"need"},"operator":{"type":"string","value":"and"}},"type":"object"}}}}},{"id":"branch-8.child-2","type":"branch_exclusive_child","operation":{},"name":"","description":"","auth":{"key":"","parameters":null,"credentials":null},"parameters":null},{"id":"bitable-8","type":"normal","operation":{"connectorId":"7341293592146706438","connectorName":"bitable","connectorVersion":"2.4","operationId":"7341293592800919557"},"name":"Update records","description":"","auth":{"key":"","parameters":null,"credentials":null},"parameters":{"user_id_type":{"type":"string","value":"open_id"},"app_token":{"type":"spel","value":{"expression":"_(\"$.variable.baseAppToken\")","node_tree":{"t":"flow_variable","path":"baseAppToken"}}},"table_id":{"type":"spel","value":{"expression":"_(\"$.variable.baseTableId\")","node_tree":{"path":"baseTableId","t":"flow_variable"}}},"records":{"type":"spel","value":{"node_tree":{"path":"$.script-10.result.updateTask","t":"json_path"},"expression":"_(\"$.script-10.result.updateTask\")"}}},"errorHandler":{"defaultStrategy":{"id":"bitable-8.error_handler.default","retryFallbackAction":"terminate","name":"","action":"retry"},"strategies":[]}},{"id":"branch-8.default","type":"branch_exclusive_child","operation":{},"name":"","description":"","auth":{"key":"","parameters":null,"credentials":null},"parameters":null},{"id":"branch-6.default","type":"branch_parallel_child","operation":{},"name":"","description":"","auth":{"key":"","parameters":null,"credentials":null},"parameters":null},{"id":"variable-17","type":"normal","operation":{"connectorId":"7306348980667940869","connectorName":"variable","connectorVersion":"1.2","operationId":"7306348980697300997","operationName":"set_value"},"name":"Set variable","description":"","auth":{"key":"","parameters":null,"credentials":null},"parameters":{"variables":{"type":"array","value":[{"value":{"value":{"value":true,"type":"boolean"},"value_type":{"value":"boolean","type":"string"},"key":{"type":"string","value":"base_has_next"}},"type":"object"},{"value":{"concurrency":{"value":false,"type":"boolean"},"value":{"value":[],"type":"array"},"value_type":{"value":"array","type":"string"},"key":{"value":"deleteTask","type":"string"}},"type":"object"}]}},"errorHandler":{"defaultStrategy":{"name":"","action":"terminate","id":"variable-17.error_handler.default"}}},{"id":"while-2","type":"while_parent","operation":{"connectorId":"while","connectorName":"while","connectorVersion":"0.0.1","operationId":"while","operationName":"While loop"},"name":"Delete redundant data in Lark Base","description":"","auth":{"key":"","parameters":null,"credentials":{"type":"cred","value":""}},"parameters":{"maxSize":{"type":"number","value":1000},"condition":{"type":"spel","value":{"expression":"_(\"$.variable.base_has_next\")","node_tree":{"path":"base_has_next","t":"flow_variable"}}}}},{"id":"while-2.default","type":"while_child","operation":{},"name":"","description":"","auth":{"key":"","parameters":null,"credentials":null},"parameters":null},{"id":"bitable-9","type":"normal","operation":{"connectorId":"7341293592146706438","connectorName":"bitable","connectorVersion":"2.4","operationId":"7341293592813715461"},"name":"Search records","description":"","auth":{"key":"","parameters":null,"credentials":null},"parameters":{"page_token":{"type":"spel","value":{"expression":"_(\"$.variable.next_token\")","node_tree":{"path":"next_token","t":"flow_variable"}}},"page_size":{"type":"number","value":500},"filter":{"type":"object","value":{}},"app_token":{"type":"spel","value":{"node_tree":{"t":"flow_variable","path":"baseAppToken"},"expression":"_(\"$.variable.baseAppToken\")"}},"table_id":{"type":"spel","value":{"expression":"_(\"$.variable.baseTableId\")","node_tree":{"t":"flow_variable","path":"baseTableId"}}},"user_id_type":{"type":"string","value":"open_id"}},"errorHandler":{"defaultStrategy":{"id":"bitable-9.error_handler.default","name":"","action":"retry","retryFallbackAction":"terminate"},"strategies":[]}},{"id":"script-11","type":"normal","operation":{"connectorId":"7296760306577965062","connectorName":"script","connectorVersion":"2.0","operationId":"7296760306603212805","operationName":"execute_script"},"name":"JavaScript","description":"","auth":{"key":"","parameters":null,"credentials":null},"parameters":{"js_code":{"type":"string","value":"function handler({\n  items = [],\n  id_list = [],\n}) {\n  function findElementIn2DArray(\n    array,\n    target\n  ) {\n    for (\n      let i = 0;\n      i \u003c array.length;\n      i++\n    ) {\n      for (\n        let j = 0;\n        j \u003c array[i].length;\n        j++\n      ) {\n        if (\n          array[i][j] ==\n          target\n        ) {\n          return true;\n        }\n      }\n    }\n    return false;\n  }\n  const newItems =\n    converToFields(items);\n  const primary_key =\n    'External Record ID';\n\n  const result = [];\n  for (let item of newItems) {\n    const key =\n      item.fields[\n        primary_key\n      ];\n\n    if (\n      !findElementIn2DArray(\n        id_list,\n        key\n      )\n    ) {\n      result.push(\n        item.record_id\n      );\n    }\n  }\n  return {\n    deleteTask: result,\n    needDelete:\n      result.length \u003e 0,\n  };\n}\nfunction converToFields(\n  fields\n) {\n  const newValue = fields.map(\n    (item) =\u003e {\n      const { fields } = item;\n      Object.entries(\n        fields\n      ).forEach(\n        ([key, value]) =\u003e {\n          if (\n            Array.isArray(\n              value\n            ) \u0026\u0026\n            value[0].text\n          ) {\n            fields[key] =\n              value[0].text;\n          }\n        }\n      );\n      return item;\n    }\n  );\n  return newValue;\n}\n"},"input":{"type":"object","value":{"id_list":{"type":"spel","value":{"node_tree":{"path":"id_list","t":"flow_variable"},"expression":"_(\"$.variable.id_list\")"}},"primary_key":{"type":"spel","value":{"node_tree":{"path":"$.script-5.result.primaryKey","t":"json_path"},"expression":"_(\"$.script-5.result.primaryKey\")"}},"items":{"value":{"node_tree":{"t":"json_path","path":"$.bitable-9.data.items"},"expression":"_(\"$.bitable-9.data.items\")"},"type":"spel"}}}},"errorHandler":{"defaultStrategy":{"action":"retry","retryFallbackAction":"terminate","id":"script-11.error_handler.default","name":""}}},{"id":"variable-18","type":"normal","operation":{"connectorId":"7306348980667940869","connectorName":"variable","connectorVersion":"1.2","operationId":"7306348980697300997","operationName":"set_value"},"name":"Set variable","description":"","auth":{"key":"","parameters":null,"credentials":null},"parameters":{"variables":{"type":"array","value":[{"value":{"key":{"value":"next_token","type":"string"},"value":{"type":"spel","value":{"node_tree":{"path":"$.bitable-9.data.page_token","t":"json_path"},"expression":"_(\"$.bitable-9.data.page_token\")"}},"value_type":{"value":"string","type":"string"}},"type":"object"},{"value":{"value":{"value":{"node_tree":{"path":"$.bitable-9.data.has_more","t":"json_path"},"expression":"_(\"$.bitable-9.data.has_more\")"},"type":"spel"},"value_type":{"value":"boolean","type":"string"},"key":{"type":"string","value":"base_has_next"}},"type":"object"}]}},"errorHandler":{"defaultStrategy":{"name":"","action":"terminate","id":"variable-18.error_handler.default"}}},{"id":"branch-9","type":"branch_exclusive_parent","operation":{"connectorId":"branch","connectorName":"branch","connectorVersion":"0.0.1","operationId":"branch_exclusive","operationName":"Exclusive branch"},"name":"need delete","description":"","auth":{"key":"","parameters":null,"credentials":{"type":"cred","value":""}},"parameters":{"branches":{"type":"object","value":{"branch-9.child-2":{"type":"object","value":{"operator":{"value":"and","type":"string"},"conditions":{"type":"array","value":[{"operator":{"type":"string","value":"equals"},"comparison":{"value":{"right":{"type":"boolean","value":true},"left":{"value":{"node_tree":{"path":"$.script-11.result.needDelete","t":"json_path"},"expression":"_(\"$.script-11.result.needDelete\")"},"type":"spel"}},"type":"object"}}]},"label":{"value":"need","type":"string"}}}}},"maxSize":{"type":"number","value":1}}},{"id":"branch-9.child-2","type":"branch_exclusive_child","operation":{},"name":"","description":"","auth":{"key":"","parameters":null,"credentials":null},"parameters":null},{"id":"bitable-10","type":"normal","operation":{"connectorId":"7341293592146706438","connectorName":"bitable","connectorVersion":"2.4","operationId":"7341293592368922630"},"name":"Batch delete records","description":"","auth":{"key":"","parameters":null,"credentials":null},"parameters":{"app_token":{"type":"spel","value":{"expression":"_(\"$.variable.baseAppToken\")","node_tree":{"t":"flow_variable","path":"baseAppToken"}}},"table_id":{"type":"spel","value":{"node_tree":{"path":"baseTableId","t":"flow_variable"},"expression":"_(\"$.variable.baseTableId\")"}},"records":{"type":"spel","value":{"expression":"_(\"$.script-11.result.deleteTask\")","node_tree":{"path":"$.script-11.result.deleteTask","t":"json_path"}}}},"errorHandler":{"strategies":[],"defaultStrategy":{"name":"","action":"retry","retryFallbackAction":"terminate","id":"bitable-10.error_handler.default"}}},{"id":"branch-9.default","type":"branch_exclusive_child","operation":{},"name":"","description":"","auth":{"key":"","parameters":null,"credentials":null},"parameters":null}]}