{"name":"Send Lark notification when a new employee is activated","description":"Send a card message when a new employee is activated, help them onboard smoothly.","version":"2.0","sourceType":"template","flowID":7432222317549191174,"projectID":7294621328663904261,"structure":[{"id":"contact-1","type":"trigger","subSteps":null},{"id":"script-1","type":"normal","subSteps":null},{"id":"branch-1","type":"branch_exclusive_parent","subSteps":[{"id":"branch-1.child-2","type":"branch_exclusive_child","subSteps":[{"id":"contact-2","type":"normal","subSteps":null},{"id":"card_helper-1","type":"normal","subSteps":null},{"id":"im-1","type":"normal","subSteps":null}]},{"id":"branch-1.default","type":"branch_exclusive_child","subSteps":[{"id":"terminate-1","type":"normal","subSteps":null}]}]}],"steps":[{"id":"contact-1","type":"trigger","operation":{"connectorId":"7351315774138499077","connectorName":"contact","connectorVersion":"2.2","operationId":"7351315774935482373"},"name":"Employee changed","description":"","auth":{"key":"","parameters":null,"credentials":null},"parameters":{"webhook":{"type":"string","value":"https://open.larksuite.com/anycross/trigger/lark/callback/NjFjYTJmODc4Y2E2MGMwOGQ5OThlODU1NDFkNWJlNTkw"}}},{"id":"script-1","type":"normal","operation":{"connectorId":"7296760306577965062","connectorName":"script","connectorVersion":"2.0","operationId":"7296760306603212805","operationName":"execute_script"},"name":"Processing user data","description":"","auth":{"key":"","parameters":null,"credentials":null},"parameters":{"input":{"type":"spel","value":{"expression":"_(\"$.contact-1.event\")","node_tree":{"path":"$.contact-1.event","t":"json_path"}}},"js_code":{"type":"string","value":"function handler(input) {\n  const {\n    object,\n    old_object,\n  } = input;\n  const {\n    status: newStatus,\n  } = object;\n  const {\n    status: oldStatus,\n  } = old_object;\n  let isNewUser = false;\n  if (\n    newStatus \u0026\u0026\n    newStatus.is_activated\n  ) {\n    if (\n      oldStatus \u0026\u0026\n      oldStatus.is_activated !==\n        undefined \u0026\u0026\n      !oldStatus.is_activated\n    ) {\n      isNewUser = true;\n    }\n  }\n  return isNewUser;\n}\n"}},"errorHandler":{"defaultStrategy":{"retryFallbackAction":"terminate","id":"script-1.error_handler.default","name":"","action":"retry"}}},{"id":"branch-1","type":"branch_exclusive_parent","operation":{"connectorId":"branch","connectorName":"branch","connectorVersion":"0.0.1","operationId":"branch_exclusive","operationName":"Exclusive branch"},"name":"Check whether the user has a newly activated account","description":"","auth":{"key":"","parameters":null,"credentials":null},"parameters":{"branches":{"type":"object","value":{"branch-1.child-2":{"type":"object","value":{"operator":{"value":"and","type":"string"},"conditions":{"type":"array","value":[{"operator":{"type":"string","value":"isTrue"},"comparison":{"value":{"left":{"type":"spel","value":{"node_tree":{"path":"$.script-1.result","t":"json_path"},"expression":"_(\"$.script-1.result\")"}}},"type":"object"}}]},"label":{"type":"string","value":"是"}}}}},"maxSize":{"type":"number","value":1}}},{"id":"branch-1.child-2","type":"branch_exclusive_child","operation":{},"name":"","description":"","auth":{"key":"","parameters":null,"credentials":null},"parameters":null},{"id":"contact-2","type":"normal","operation":{"connectorId":"7351315774138499077","connectorName":"contact","connectorVersion":"2.2","operationId":"7351315774323032069"},"name":"Access info of a user","description":"","auth":{"key":"","parameters":null,"credentials":null},"parameters":{"department_id_type":{"type":"string","value":"open_department_id"},"user_id":{"type":"spel","value":{"node_tree":{"t":"json_path","path":"$.contact-1.event.object.open_id"},"expression":"_(\"$.contact-1.event.object.open_id\")"}},"user_id_type":{"type":"string","value":"open_id"}},"errorHandler":{"defaultStrategy":{"id":"contact-2.error_handler.default","name":"","action":"terminate"}}},{"id":"card_helper-1","type":"normal","operation":{"connectorId":"7299347175140491269","connectorName":"card_helper","connectorVersion":"1.2","operationId":"7299347175169851398","operationName":"build_card_json"},"name":"Generate message card JSON","description":"","auth":{"key":"","parameters":null,"credentials":null},"parameters":{"variables":{"type":"object","value":{}}},"errorHandler":{"defaultStrategy":{"action":"terminate","id":"card_helper-1.error_handler.default","name":""}}},{"id":"im-1","type":"normal","operation":{"connectorId":"7367260348719661062","connectorName":"im","connectorVersion":"2.4","operationId":"7367260348996386821"},"name":"Send card message","description":"","auth":{"key":"","parameters":null,"credentials":null},"parameters":{"receive_id":{"type":"spel","value":{"expression":"_(\"$.contact-2.data.user.open_id\")","node_tree":{"t":"json_path","path":"$.contact-2.data.user.open_id"}}},"receive_id_type":{"type":"string","value":"open_id"},"content":{"type":"spel","value":{"expression":"_(\"$.card_helper-1.card_json\")","node_tree":{"path":"$.card_helper-1.card_json","t":"json_path"}}},"msg_type":{"type":"string","value":"interactive"}},"errorHandler":{"defaultStrategy":{"name":"","action":"terminate","id":"im-1.error_handler.default"}}},{"id":"branch-1.default","type":"branch_exclusive_child","operation":{},"name":"","description":"","auth":{"key":"","parameters":null,"credentials":null},"parameters":null},{"id":"terminate-1","type":"normal","operation":{"connectorId":"7163966129067524102","connectorName":"terminate","connectorVersion":"1.0","operationId":"7163966129315004421","operationName":"terminate_action"},"name":"Terminate","description":"","auth":{"key":"","parameters":null,"credentials":null},"parameters":{},"errorHandler":{"defaultStrategy":{"action":"terminate","id":"terminate-1.error_handler.default","name":""}}}]}