{"name":"Send Lark message cards for new leads in Facebook Lead Ads","version":"2.0","sourceType":"template","flowID":7432223316368211974,"projectID":7294621328663904261,"structure":[{"id":"facebook_lead_ads-1","type":"trigger","subSteps":null},{"id":"facebook_lead_ads-2","type":"normal","subSteps":null},{"id":"script-1","type":"normal","subSteps":null},{"id":"custom_robot-1","type":"normal","subSteps":null}],"steps":[{"id":"facebook_lead_ads-1","type":"trigger","operation":{"connectorId":"7272715216197025797","connectorName":"facebook_lead_ads","connectorVersion":"1.0","operationId":"7272715216314466309","operationName":"new_leads"},"name":"Facebook Lead Ads","description":"","auth":{"key":"","parameters":null,"credentials":null},"parameters":{"webhook":{"type":"string","value":"https://open.larksuite.com/anycross/trigger/union/callback/YjdmODRiYWI4YjA2MTI1NzkxOTYzNzhhN2I3ZjFlNDUw"}}},{"id":"facebook_lead_ads-2","type":"normal","operation":{"connectorId":"7272715216197025797","connectorName":"facebook_lead_ads","connectorVersion":"1.0","operationId":"7272715216285073413","operationName":"v17.0_form_id_get"},"name":"Get form definition by id","description":"","auth":{"key":"","parameters":null,"credentials":null},"parameters":{"fields":{"type":"string","value":"id,name,questions,page"},"form_id":{"type":"spel","value":{"expression":"_(\"$.facebook_lead_ads-1.form_id\")","node_tree":{"path":"$.facebook_lead_ads-1.form_id","t":"json_path"}}}},"errorHandler":{"method":2,"default":{"config":[],"type":"failure"},"configs":[]}},{"id":"script-1","type":"normal","operation":{"connectorId":"7242231595057332229","connectorName":"script","connectorVersion":"1.3","operationId":"7242231595225071621","operationName":"execute_script"},"name":"Generate Message Card","description":"","auth":{"key":"","parameters":null,"credentials":{"type":"cred","value":""}},"parameters":{"js_code":{"type":"string","value":"function handler(input) {\n  // parse input data\n  var fields =\n    input.lead_data\n      .field_data;\n  var question_definition =\n    input.form_definition\n      .questions;\n  var changes = [];\n  var leadgen_id =\n    input.lead_data.id;\n  var lead_created_time =\n    input.lead_data\n      .created_time;\n  var form_name =\n    input.form_definition\n      .name;\n  var page_name =\n    input.form_definition.page\n      .name;\n  // get question label by question key\n  for (\n    let i = 0;\n    i \u003c fields.length;\n    i++\n  ) {\n    var questionKey =\n      fields[i].name;\n    var answers =\n      fields[i].values;\n    var questionLabel =\n      questionKey;\n    for (\n      let i = 0;\n      i \u003c\n      question_definition.length;\n      i++\n    ) {\n      if (\n        questionKey ===\n        question_definition[i]\n          .key\n      ) {\n        questionLabel =\n          question_definition[\n            i\n          ].label;\n        break;\n      }\n    }\n    changes.push({\n      question_label:\n        questionLabel,\n      question_value:\n        answers.join(','),\n    });\n  }\n\n  const adsManagerURL =\n    'https://adsmanager.facebook.com';\n  const columns0 =\n    changes.map((item) =\u003e {\n      return {\n        tag: 'markdown',\n        content:\n          item.question_label,\n        text_align: 'center',\n      };\n    });\n\n  const columns1 =\n    changes.map((item) =\u003e {\n      return {\n        tag: 'markdown',\n        content:\n          item.question_value,\n        text_align: 'center',\n      };\n    });\n\n  const cardInput = {\n    i18n_elements: {\n      zh_cn: [\n        {\n          tag: 'div',\n          fields: [\n            {\n              text: {\n                tag: 'lark_md',\n                content:\n                  '**Page name:**',\n              },\n              is_short: true,\n            },\n            {\n              text: {\n                tag: 'lark_md',\n                content:\n                  page_name,\n              },\n              is_short: false,\n            },\n            {\n              text: {\n                tag: 'lark_md',\n                content:\n                  '**Form name:**',\n              },\n              is_short: true,\n            },\n            {\n              text: {\n                tag: 'lark_md',\n                content:\n                  form_name,\n              },\n              is_short: false,\n            },\n            {\n              text: {\n                tag: 'lark_md',\n                content:\n                  '**Lead id:**',\n              },\n              is_short: true,\n            },\n            {\n              text: {\n                tag: 'lark_md',\n                content:\n                  leadgen_id,\n              },\n              is_short: false,\n            },\n            {\n              text: {\n                tag: 'lark_md',\n                content:\n                  '**Happened at:**',\n              },\n              is_short: true,\n            },\n            {\n              text: {\n                tag: 'lark_md',\n                content:\n                  lead_created_time,\n              },\n              is_short: false,\n            },\n          ],\n        },\n        {\n          tag: 'markdown',\n          content:\n            '**Details**',\n        },\n        {\n          background_style:\n            'grey',\n          columns: [\n            {\n              elements: [\n                {\n                  content:\n                    '**Question**',\n                  tag: 'markdown',\n                  text_align:\n                    'center',\n                },\n              ],\n              tag: 'column',\n              vertical_align:\n                'top',\n              weight: 1,\n              width:\n                'weighted',\n            },\n            {\n              elements: [\n                {\n                  content:\n                    '**Answers**',\n                  tag: 'markdown',\n                  text_align:\n                    'center',\n                },\n              ],\n              tag: 'column',\n              vertical_align:\n                'top',\n              weight: 1,\n              width:\n                'weighted',\n            },\n          ],\n          flex_mode: 'none',\n          tag: 'column_set',\n        },\n        {\n          tag: 'column_set',\n          flex_mode: 'none',\n          background_style:\n            'default',\n          columns: [\n            {\n              tag: 'column',\n              width:\n                'weighted',\n              weight: 1,\n              vertical_align:\n                'top',\n              elements:\n                columns0,\n            },\n            {\n              tag: 'column',\n              width:\n                'weighted',\n              weight: 1,\n              vertical_align:\n                'top',\n              elements:\n                columns1,\n            },\n          ],\n        },\n        {\n          tag: 'action',\n          actions: [\n            {\n              tag: 'button',\n              text: {\n                tag: 'plain_text',\n                content:\n                  'Go to Facebook AdsManager',\n              },\n              url: adsManagerURL,\n              type: 'primary',\n            },\n          ],\n        },\n      ],\n    },\n    header: {\n      template: 'blue',\n      title: {\n        tag: 'plain_text',\n        i18n: {\n          zh_cn:\n            'New Facebook Ads Lead, please follow up promptly.',\n        },\n      },\n    },\n  };\n  const output =\n    JSON.stringify(cardInput);\n  return output;\n}\n"},"input":{"type":"object","value":{"form_definition":{"type":"spel","value":{"expression":"_(\"$.facebook_lead_ads-2\")","node_tree":{"path":"$.facebook_lead_ads-2","t":"json_path"}}},"lead_data":{"value":{"node_tree":{"t":"json_path","path":"$.facebook_lead_ads-1"},"expression":"_(\"$.facebook_lead_ads-1\")"},"type":"spel"}}}},"errorHandler":{"configs":[],"method":1,"default":{"type":"retry","config":[10,20,30]}}},{"id":"custom_robot-1","type":"normal","operation":{"connectorId":"7259263887688613893","connectorName":"custom_robot","connectorVersion":"1.1","operationId":"7259263887952838661","operationName":"open-apis_bot_v2_hook_robot_id_post"},"name":"Send Lark Message Card","description":"","auth":{"key":"","parameters":null,"credentials":{"type":"cred","value":""}},"parameters":{"card":{"type":"spel","value":{"node_tree":{"path":"$.script-1.result","t":"json_path"},"expression":"_(\"$.script-1.result\")"}},"msg_type":{"type":"string","value":"interactive"}},"errorHandler":{"method":2,"default":{"type":"failure","config":[]},"configs":[]}}]}