{"name":"Send Emails Based on Lark Base Records","version":"2.0","sourceType":"template","flowID":7294835710383685638,"projectID":7294621328663904261,"structure":[{"id":"webhook-trigger-1","type":"trigger","subSteps":null},{"id":"bitable-3","type":"normal","subSteps":null},{"id":"script-2","type":"normal","subSteps":null},{"id":"bitable-1","type":"normal","subSteps":null},{"id":"variable-1","type":"normal","subSteps":null},{"id":"loop-1","type":"loop_serial_parent","subSteps":[{"id":"loop-1.default","type":"loop_serial_child","subSteps":[{"id":"script-3","type":"normal","subSteps":null},{"id":"drive-1","type":"normal","subSteps":null},{"id":"file_helper-1","type":"normal","subSteps":null},{"id":"variable-2","type":"normal","subSteps":null}]}]},{"id":"script-1","type":"normal","subSteps":null},{"id":"mail_helper-1","type":"normal","subSteps":null},{"id":"script-4","type":"normal","subSteps":null},{"id":"bitable-2","type":"normal","subSteps":null}],"steps":[{"id":"webhook-trigger-1","type":"trigger","operation":{"connectorId":"7241846654284890117","connectorName":"webhook-trigger","connectorVersion":"1.4","operationId":"7241846654486249477","operationName":"webhook_trigger"},"name":"Base trigger","description":"","auth":{"key":"","parameters":null,"credentials":null},"parameters":{"webhook":{"type":"string","value":"https://open.larksuite.com/anycross/trigger/callback/OTk3ZDk4MWYxMTQ2Yzk0Y2QxOWI2NDkzYjkzMmUyNmQw"},"body_type":{"type":"string","value":"json"},"authorization_config":{"type":"object","value":{"authorization_method":{"value":0,"type":"number"}}}},"dynamicSchema":"{\"manualOutputSchema\":{\"type\":\"object\",\"properties\":{\"body\":{\"type\":\"object\"},\"body_message\":{\"type\":\"string\",\"format\":\"style\"},\"content_length\":{\"type\":\"integer\"},\"headers\":{\"type\":\"object\",\"properties\":{\"Accept-Encoding\":{\"type\":\"string\"},\"Akamai-Origin-Hop\":{\"type\":\"string\",\"format\":\"utc-millisec\"},\"Cache-Control\":{\"type\":\"string\"},\"Content-Length\":{\"type\":\"string\",\"format\":\"utc-millisec\"},\"Content-Type\":{\"type\":\"string\"},\"Cw-Ion-Rollout-Enabled\":{\"type\":\"string\",\"format\":\"utc-millisec\"},\"Host\":{\"type\":\"string\"},\"Pragma\":{\"type\":\"string\"},\"User-Agent\":{\"type\":\"string\"},\"Via\":{\"type\":\"string\"},\"X-Akamai-Config-Log-Detail\":{\"type\":\"string\"},\"X-Forwarded-For\":{\"type\":\"string\",\"format\":\"style\"},\"X-Forwarded-Proto\":{\"type\":\"string\"},\"X-Forwarded-Protocol\":{\"type\":\"string\"},\"X-Real-Ip\":{\"type\":\"string\",\"format\":\"ip-address\"},\"X-Tt-Env\":{\"type\":\"string\"},\"X-Tt-Logid\":{\"type\":\"string\"},\"X-User-Geo\":{\"type\":\"string\"}}},\"method\":{\"type\":\"string\"},\"path\":{\"type\":\"string\",\"format\":\"uri\"},\"query\":{\"type\":\"object\"}}}}"},{"id":"bitable-3","type":"normal","operation":{"connectorId":"7241926900765982725","connectorName":"bitable","connectorVersion":"2.0","operationId":"7241926901952937989","operationName":"Feishu_GetField"},"name":"List field","description":"","auth":{"key":"","parameters":null,"credentials":{"type":"cred","value":"XDWZOMdkk4nbD"}},"parameters":{"table_id":{"type":"string","value":"tblQPOvrHJg6SZVr"},"app_token":{"type":"string","value":"IT9gbuE0UaOBAOsvrHKueTbtsJb"}},"errorHandler":{"configs":[],"method":2,"default":{"config":[],"type":"failure"}}},{"id":"script-2","type":"normal","operation":{"connectorId":"7242231595057332229","connectorName":"script","connectorVersion":"1.3","operationId":"7242231595225071621","operationName":"execute_script"},"name":"Calculate field id","description":"","auth":{"key":"","parameters":null,"credentials":{"type":"cred","value":""}},"parameters":{"input":{"type":"object","value":{"items":{"type":"spel","value":{"node_tree":{"t":"json_path","path":"$.bitable-3.data.items"},"expression":"_(\"$.bitable-3.data.items\")"}}}},"js_code":{"type":"string","value":"function handler(input) {\n  const found =\n    input.items.find(\n      (item) =\u003e\n        item.field_name ===\n        'Thư mời nhận việc'\n    );\n  return found.field_id;\n}\n"}},"errorHandler":{"method":1,"default":{"config":[10,20,30],"type":"retry"},"configs":[]}},{"id":"bitable-1","type":"normal","operation":{"connectorId":"7241926900765982725","connectorName":"bitable","connectorVersion":"2.0","operationId":"7241926901378334726","operationName":"Feishu_GetRecordInfo_Record"},"name":"Read record","description":"","auth":{"key":"","parameters":null,"credentials":{"type":"cred","value":"XDWZOMdkk4nbD"}},"parameters":{"record_id":{"type":"spel","value":{"node_tree":{"path":"$.webhook-trigger-1.body","t":"json_path"},"expression":"_(\"$.webhook-trigger-1.body\")"}},"user_id_type":{"type":"string","value":"open_id"},"app_token":{"type":"string","value":"IT9gbuE0UaOBAOsvrHKueTbtsJb"},"table_id":{"type":"string","value":"tblQPOvrHJg6SZVr"}},"errorHandler":{"method":2,"configs":[],"default":{"config":[],"type":"failure"}}},{"id":"variable-1","type":"normal","operation":{"connectorId":"7234033487534096389","connectorName":"variable","connectorVersion":"1.1","operationId":"7234033488075177990","operationName":"set_value"},"name":"Initialize attachment list","description":"","auth":{"key":"","parameters":null,"credentials":{"type":"cred","value":""}},"parameters":{"variables":{"type":"array","value":[{"value":{"key":{"value":"attachments","type":"string"},"value":{"type":"spel","value":{"node_tree":{"t":"inline_list"},"expression":"{}"}},"value_type":{"type":"string","value":"array"}},"type":"object"}]}},"errorHandler":{"default":{"config":[],"type":"failure"},"method":2,"configs":[]}},{"id":"loop-1","type":"loop_serial_parent","operation":{"connectorId":"loop","connectorName":"loop","connectorVersion":"0.0.1","operationId":"loop_serial","operationName":"Serial loop"},"name":"Traverse attachments","description":"","auth":{"key":"","parameters":null,"credentials":{"type":"cred","value":""}},"parameters":{"items":{"type":"spel","value":{"expression":"_(\"$.bitable-1.data.record.fields.attachment\")","node_tree":{"path":"$.bitable-1.data.record.fields.attachment","t":"json_path"}}}}},{"id":"loop-1.default","type":"loop_serial_child","operation":{},"name":"","description":"","parameters":null},{"id":"script-3","type":"normal","operation":{"connectorId":"7242231595057332229","connectorName":"script","connectorVersion":"1.3","operationId":"7242231595225071621","operationName":"execute_script"},"name":"Build extra","description":"","auth":{"key":"","parameters":null,"credentials":{"type":"cred","value":""}},"parameters":{"js_code":{"type":"string","value":"function handler(input) {\n  let records = {};\n  records[input.recordID] = [\n    input.fileToken,\n  ];\n  let attachments = {};\n  attachments[input.fieldID] =\n    records;\n  return encodeURIComponent(\n    JSON.stringify({\n      bitablePerm: {\n        tableId:\n          input.tableID,\n        attachments:\n          attachments,\n      },\n    })\n  );\n}\n"},"input":{"type":"object","value":{"fileToken":{"value":{"node_tree":{"t":"engine_method","method":"get","params":[{"t":"json_path","path":"$.loop-1.item"},{"v":"\"file_token\"","t":"literal","vt":"string"}]},"expression":"_(\"$.loop-1.item\").get('file_token')"},"type":"spel"},"recordID":{"value":{"expression":"_(\"$.webhook-trigger-1.body_message\")","node_tree":{"path":"$.webhook-trigger-1.body_message","t":"json_path"}},"type":"spel"},"tableID":{"value":{"expression":"_(\"$.webhook-trigger-1.query\").get('tableID')","node_tree":{"method":"get","params":[{"t":"json_path","path":"$.webhook-trigger-1.query"},{"t":"literal","vt":"string","v":"\"tableID\""}],"t":"engine_method"}},"type":"spel"},"fieldID":{"value":{"expression":"_(\"$.script-2.result\")","node_tree":{"path":"$.script-2.result","t":"json_path"}},"type":"spel"}}}},"errorHandler":{"configs":[],"method":1,"default":{"type":"retry","config":[10,20,30]}}},{"id":"drive-1","type":"normal","operation":{"connectorId":"7184685168039297030","connectorName":"drive","connectorVersion":"1.0","operationId":"7184685169209556998","operationName":"FeiShu_DownloadMedia_v3"},"name":"Read file","description":"","auth":{"key":"","parameters":null,"credentials":{"type":"cred","value":"XDWZOMdkk4nbD"}},"parameters":{"extra":{"type":"spel","value":{"expression":"_(\"$.script-3.result\")","node_tree":{"t":"json_path","path":"$.script-3.result"}}},"file_token":{"type":"spel","value":{"expression":"_(\"$.loop-1.item\").get('file_token')","node_tree":{"params":[{"t":"json_path","path":"$.loop-1.item"},{"vt":"string","t":"literal","v":"\"file_token\""}],"t":"engine_method","method":"get"}}}},"errorHandler":{"configs":[],"default":{"config":[],"type":"failure"},"method":2}},{"id":"file_helper-1","type":"normal","operation":{"connectorId":"7239623673919897605","connectorName":"file_helper","connectorVersion":"1.3","operationId":"7239623674217742341","operationName":"file_rename"},"name":"Rename file","description":"","auth":{"key":"","parameters":null,"credentials":{"type":"cred","value":""}},"parameters":{"file_name":{"type":"spel","value":{"node_tree":{"t":"engine_method","method":"get","params":[{"path":"$.loop-1.item","t":"json_path"},{"v":"\"name\"","vt":"string","t":"literal"}]},"expression":"_(\"$.loop-1.item\").get('name')"}},"file":{"type":"spel","value":{"node_tree":{"t":"json_path","path":"$.drive-1.file"},"expression":"_(\"$.drive-1.file\")"}}},"errorHandler":{"configs":[],"default":{"config":[],"type":"failure"},"method":2}},{"id":"variable-2","type":"normal","operation":{"connectorId":"7234033487534096389","connectorName":"variable","connectorVersion":"1.1","operationId":"7234033488037412869","operationName":"insert_value_in_list"},"name":"Add attachment","description":"","auth":{"key":"","parameters":null,"credentials":{"type":"cred","value":""}},"parameters":{"position":{"type":"string","value":"end_of_list"},"key":{"type":"string","value":"attachments"},"list":{"type":"array","value":[{"type":"spel","value":{"expression":"_(\"$.file_helper-1.file\")","node_tree":{"t":"json_path","path":"$.file_helper-1.file"}}}]}},"errorHandler":{"configs":[],"default":{"config":[],"type":"failure"},"method":2}},{"id":"script-1","type":"normal","operation":{"connectorId":"7215804708106010629","connectorName":"script","connectorVersion":"1.2","operationId":"7215804708286382085","operationName":"execute_script"},"name":"Process recipients","description":"","auth":{"key":"","parameters":null,"credentials":{"type":"cred","value":""}},"parameters":{"input":{"type":"array","value":[{"value":{"value":{"value":{"node_tree":{"params":[{"t":"json_path","path":"$.bitable-1.data.record.fields"},{"t":"literal","vt":"string","v":"\"receivers\""}],"t":"engine_method","method":"get"},"expression":"_(\"$.bitable-1.data.record.fields\").get('receivers')"},"type":"spel"},"name":{"value":"receivers","type":"string"}},"type":"object"},{"value":{"value":{"value":{"expression":"_(\"$.bitable-1.data.record.fields\").get('cc')","node_tree":{"params":[{"path":"$.bitable-1.data.record.fields","t":"json_path"},{"v":"\"cc\"","t":"literal","vt":"string"}],"t":"engine_method","method":"get"}},"type":"spel"},"name":{"value":"cc","type":"string"}},"type":"object"}]},"js_code":{"type":"string","value":"function handler(input) {\n  var receivers = [];\n  var cc = [];\n  if (input.receivers) {\n    receivers =\n      input.receivers.split(\n        ','\n      );\n  }\n  if (input.cc) {\n    cc = input.cc.split(',');\n  }\n  return {\n    receivers: receivers,\n    cc: cc,\n  };\n}\n"}},"errorHandler":{"configs":[],"default":{"config":[10,20,30],"type":"retry"},"method":1}},{"id":"mail_helper-1","type":"normal","operation":{"connectorId":"7239916549417467910","connectorName":"mail_helper","connectorVersion":"1.0","operationId":"7239916549635620870","operationName":"send_email"},"name":"Send email","description":"","auth":{"key":"","parameters":null,"credentials":{"type":"cred","value":"8qkAowjx9MPXG"}},"parameters":{"content":{"type":"spel","value":{"expression":"_(\"$.webhook-trigger-1.body_message\")","node_tree":{"t":"json_path","path":"$.webhook-trigger-1.body_message"}}},"attachments":{"type":"spel","value":{"node_tree":{"path":"attachments","t":"flow_variable"},"expression":"variable.attachments"}},"to_recipients":{"type":"spel","value":{"expression":"_(\"$.webhook-trigger-1.query.to\")","node_tree":{"t":"json_path","path":"$.webhook-trigger-1.query.to"}}},"cc_recipients":{"type":"spel","value":""},"subject":{"type":"spel","value":{"expression":"_(\"$.webhook-trigger-1.query.subject\")","node_tree":{"t":"json_path","path":"$.webhook-trigger-1.query.subject"}}}},"errorHandler":{"default":{"config":[],"type":"ignore"},"configs":[],"method":2}},{"id":"script-4","type":"normal","operation":{"connectorId":"7242231595057332229","connectorName":"script","connectorVersion":"1.3","operationId":"7242231595225071621","operationName":"execute_script"},"name":"Calculate fields","description":"","auth":{"key":"","parameters":null,"credentials":{"type":"cred","value":""}},"parameters":{"input":{"type":"object","value":{"status":{"value":{"expression":"_(\"$.mail_helper-1.code\")==0?'succeeded':'failed'","node_tree":{"condition":{"right":{"v":"0","t":"literal","vt":"number"},"t":"binary","op":"==","left":{"t":"json_path","path":"$.mail_helper-1.code"}},"accept":{"v":"\"succeeded\"","t":"literal","vt":"string"},"reject":{"t":"literal","vt":"string","v":"\"failed\""},"t":"ternary"}},"type":"spel"}}},"js_code":{"type":"string","value":"function handler(input) {\n  return {\n    status: input.status,\n  };\n}\n"}},"errorHandler":{"method":1,"default":{"type":"retry","config":[10,20,30]},"configs":[]}},{"id":"bitable-2","type":"normal","operation":{"connectorId":"7241926900765982725","connectorName":"bitable","connectorVersion":"2.0","operationId":"7241926901814525957","operationName":"Feishu_UpdateRecord"},"name":"Update status","description":"","auth":{"key":"","parameters":null,"credentials":{"type":"cred","value":"XDWZOMdkk4nbD"}},"parameters":{"fields":{"type":"spel","value":{"expression":"_(\"$.script-4.result\")","node_tree":{"t":"json_path","path":"$.script-4.result"}}},"app_token":{"type":"string","value":"IT9gbuE0UaOBAOsvrHKueTbtsJb"},"table_id":{"type":"string","value":"tblQPOvrHJg6SZVr"},"record_id":{"type":"spel","value":{"node_tree":{"path":"$.webhook-trigger-1.body_message","t":"json_path"},"expression":"_(\"$.webhook-trigger-1.body_message\")"}},"user_id_type":{"type":"string","value":"open_id"}},"errorHandler":{"configs":[],"default":{"type":"failure","config":[]},"method":2}}]}