{"name":"Production - Send Birthday Card","version":"2.0","sourceType":"self","structure":[{"id":"webhook-trigger-1","type":"trigger","subSteps":null},{"id":"bitable-1","type":"normal","subSteps":null},{"id":"bitable-2","type":"normal","subSteps":null},{"id":"card_helper-1","type":"normal","subSteps":null},{"id":"im-1","type":"normal","subSteps":null}],"steps":[{"id":"webhook-trigger-1","type":"trigger","operation":{"connectorId":"7270411537485938693","connectorName":"webhook-trigger","connectorVersion":"1.5","operationId":"7270411537515282438","operationName":"webhook_trigger"},"name":"Webhook Trigger","description":"","auth":{"key":"","parameters":null,"credentials":null},"parameters":{"webhook":{"type":"string","value":"https://open.larksuite.com/anycross/trigger/callback/MDMzOTQwYzMxYjAwMWEyZWI5YjYxMjQ0ZmNiNDE0MzJj"},"body_type":{"type":"string","value":"json"},"authorization_config":{"type":"object","value":{"authorization_method":{"value":0,"type":"number"}}}},"dynamicSchema":"{\"manualOutputSchema\":{\"type\":\"object\",\"properties\":{\"body\":{\"type\":\"object\"},\"body_message\":{\"type\":\"string\"},\"content_length\":{\"type\":\"integer\"},\"headers\":{\"type\":\"object\",\"properties\":{\"Accept-Encoding\":{\"type\":\"string\"},\"Akamai-Origin-Hop\":{\"type\":\"string\",\"format\":\"utc-millisec\"},\"Cache-Control\":{\"type\":\"string\"},\"Content-Length\":{\"type\":\"string\",\"format\":\"utc-millisec\"},\"Content-Type\":{\"type\":\"string\"},\"Cw-Ion-Rollout-Enabled\":{\"type\":\"string\",\"format\":\"utc-millisec\"},\"Host\":{\"type\":\"string\"},\"Pragma\":{\"type\":\"string\"},\"User-Agent\":{\"type\":\"string\"},\"Via\":{\"type\":\"string\"},\"X-Akamai-Config-Log-Detail\":{\"type\":\"string\"},\"X-Forwarded-For\":{\"type\":\"string\",\"format\":\"style\"},\"X-Forwarded-Proto\":{\"type\":\"string\"},\"X-Forwarded-Protocol\":{\"type\":\"string\"},\"X-Real-Ip\":{\"type\":\"string\",\"format\":\"ip-address\"},\"X-Tt-Env\":{\"type\":\"string\"},\"X-Tt-Logid\":{\"type\":\"string\"},\"X-User-Geo\":{\"type\":\"string\"}}},\"method\":{\"type\":\"string\"},\"path\":{\"type\":\"string\",\"format\":\"uri\"},\"query\":{\"type\":\"object\",\"properties\":{\"appToken\":{\"type\":\"string\"},\"branch\":{\"type\":\"string\"},\"company\":{\"type\":\"string\"},\"name\":{\"type\":\"string\"},\"position\":{\"type\":\"string\"},\"recordID\":{\"type\":\"string\"},\"tableID\":{\"type\":\"string\"}}}}}}"},{"id":"bitable-1","type":"normal","operation":{"connectorId":"7288152292073701381","connectorName":"bitable","connectorVersion":"2.2","operationId":"7288152292300210181","operationName":"Feishu_GetField"},"name":"List field","description":"","auth":{"key":"","parameters":null,"credentials":{"type":"cred","value":"XDWZOMdkk4nbD"}},"parameters":{"table_id":{"type":"string","value":"tbl17NksHSyv1EsO"},"app_token":{"type":"string","value":"UUJxb4lkBazmX3szjxouEKkzsrb"}},"errorHandler":{"default":{"type":"failure","config":[]},"configs":[],"method":2}},{"id":"bitable-2","type":"normal","operation":{"connectorId":"7288152292073701381","connectorName":"bitable","connectorVersion":"2.2","operationId":"7288152292388241413","operationName":"Feishu_GetRecordInfo_Record"},"name":"Read record","description":"","auth":{"key":"","parameters":null,"credentials":{"type":"cred","value":"XDWZOMdkk4nbD"}},"parameters":{"app_token":{"type":"string","value":"UUJxb4lkBazmX3szjxouEKkzsrb"},"table_id":{"type":"string","value":"tbl17NksHSyv1EsO"},"record_id":{"type":"spel","value":{"node_tree":{"t":"json_path","path":"$.webhook-trigger-1.query.recordID"},"expression":"_(\"$.webhook-trigger-1.query.recordID\")"}}},"errorHandler":{"configs":[],"method":2,"default":{"config":[],"type":"failure"}}},{"id":"card_helper-1","type":"normal","operation":{"connectorId":"7299347175140491269","connectorName":"card_helper","connectorVersion":"1.2","operationId":"7299347175169851398","operationName":"build_card_json"},"name":"Message card helper","description":"","auth":{"key":"","parameters":null,"credentials":{"type":"cred","value":""}},"parameters":{"variables":{"type":"object","value":{"branch":{"value":{"expression":"_(\"$.webhook-trigger-1.query.branch\")","node_tree":{"t":"json_path","path":"$.webhook-trigger-1.query.branch"}},"type":"spel"},"company":{"type":"spel","value":{"expression":"_(\"$.webhook-trigger-1.query.company\")","node_tree":{"t":"json_path","path":"$.webhook-trigger-1.query.company"}}},"name":{"type":"spel","value":{"expression":"_(\"$.webhook-trigger-1.query.name\")","node_tree":{"t":"json_path","path":"$.webhook-trigger-1.query.name"}}},"position":{"value":{"node_tree":{"t":"json_path","path":"$.webhook-trigger-1.query.position"},"expression":"_(\"$.webhook-trigger-1.query.position\")"},"type":"spel"}}},"card_json":{"type":"string","value":"{\"content\":\"{\\n  \\\"config\\\": {\\n    \\\"wide_screen_mode\\\": true\\n  },\\n  \\\"elements\\\": [\\n    {\\n      \\\"alt\\\": {\\n        \\\"content\\\": \\\"\\\",\\n        \\\"tag\\\": \\\"plain_text\\\"\\n      },\\n      \\\"img_key\\\": \\\"img_v3_025r_55024457-9af5-40bc-8bc7-702327090c7h\\\",\\n      \\\"tag\\\": \\\"img\\\",\\n      \\\"_id\\\": \\\"element-65ff29b9-c408-47a1-b365-7a249aa84fce\\\",\\n      \\\"mode\\\": \\\"fit_horizontal\\\",\\n      \\\"compact_width\\\": false\\n    },\\n    {\\n      \\\"tag\\\": \\\"div\\\",\\n      \\\"text\\\": {\\n        \\\"content\\\": \\\" 📣Các Anh/Chị đồng nghiệp thân mến, 👋👋👋\\\\n\\\\nHôm nay là một ngày đặc biệt của bạn \u003cfont color='green'\u003e${name}\u003c/font\u003e - ${position} tại ${branch}. Thay mặt \u003cfont color='red'\u003eBGĐ ${company}\u003c/font\u003e, **Phòng HCNS** thương chúc bạn có một ngày sinh nhật vui vẻ, luôn hạnh phúc và thành công trong cuộc sống. Chúng tôi tự hào vì có sự đồng hành của bạn trong đại gia đình \u003cfont color='red'\u003eAura Group\u003c/font\u003e.\\\\n\\\\nMột lần nữa, xin được chúc mừng sinh nhật bạn \u003cfont color='green'\u003e${name}\u003c/font\u003e. 💖💖💖\\\\n\\\",\\n        \\\"tag\\\": \\\"lark_md\\\",\\n        \\\"_id\\\": \\\"element-576c8560-9869-4ac4-a0d0-229eb19d66a7\\\"\\n      },\\n      \\\"_id\\\": \\\"element-1366bde7-cfac-49aa-bfa7-c82e1c9da06c\\\"\\n    },\\n    {\\n      \\\"tag\\\": \\\"hr\\\",\\n      \\\"_id\\\": \\\"element-fec16885-c6c8-4a9c-b10c-03c0eb68ae72\\\"\\n    },\\n    {\\n      \\\"tag\\\": \\\"hr\\\",\\n      \\\"_id\\\": \\\"element-bec43fee-c3a0-4fef-ac2d-80637a65264d\\\"\\n    },\\n    {\\n      \\\"tag\\\": \\\"markdown\\\",\\n      \\\"content\\\": \\\"**PHÒNG HCNS** 🌞\\\",\\n      \\\"_id\\\": \\\"element-2a137373-94f7-47ad-9561-c8a1112ff0f9\\\"\\n    }\\n  ],\\n  \\\"header\\\": {\\n    \\\"template\\\": \\\"orange\\\",\\n    \\\"title\\\": {\\n      \\\"content\\\": \\\"🎂 [AURA] HAPPY BIRTHDAY  \\\",\\n      \\\"tag\\\": \\\"plain_text\\\"\\n    },\\n    \\\"_id\\\": \\\"element-51d45cb6-ab05-44e0-9aeb-277d386497d7\\\"\\n  }\\n}\",\"variables\":[{\"type\":\"Text\",\"config\":\"{}\",\"name\":\"branch\",\"description\":\"branch\"},{\"type\":\"Text\",\"config\":\"{}\",\"name\":\"company\",\"description\":\"company\"},{\"type\":\"Text\",\"config\":\"{}\",\"name\":\"name\",\"description\":\"applicant name\"},{\"type\":\"Text\",\"config\":\"{}\",\"name\":\"position\",\"description\":\"position\"}],\"mockData\":\"{\\\"name\\\":\\\"\\\",\\\"company\\\":\\\"\\\",\\\"position\\\":\\\"\\\",\\\"branch\\\":\\\"\\\"}\"}"}},"errorHandler":{"method":2,"default":{"type":"failure","config":[]},"configs":[]}},{"id":"im-1","type":"normal","operation":{"connectorId":"7267741801635659782","connectorName":"im","connectorVersion":"1.2","operationId":"7267741801937666054","operationName":"create_card_message"},"name":"Lark Messenger","description":"","auth":{"key":"","parameters":null,"credentials":{"type":"cred","value":"XDWZOMdkk4nbD"}},"parameters":{"content":{"type":"spel","value":{"node_tree":{"path":"$.card_helper-1.card_json","t":"json_path"},"expression":"_(\"$.card_helper-1.card_json\")"}},"msg_type":{"type":"string","value":"interactive"},"receive_id":{"type":"string","value":"oc_01db927a8296aa56bbca231e024cd8dd"},"receive_id_type":{"type":"string","value":"chat_id"}},"errorHandler":{"configs":[],"method":2,"default":{"config":[],"type":"failure"}}}]}